roll,pitch,yaw,xaccel,yaccel,zaccel
1.207,-0.123,0.262,-0.089,0.001,0.991
1.173,-0.175,0.28,-0.084,0.003,0.992
1.26,-0.28,0.245,-0.086,-0.003,0.991
1.225,-0.105,0.192,-0.088,0.001,0.99
1.242,-0.192,0.157,-0.085,-0.002,0.994
1.242,-0.105,0.21,-0.088,0.001,0.992
1.225,-0.14,0.228,-0.087,-0.0,0.995
1.207,-0.192,0.245,-0.089,0.001,0.993
1.207,-0.157,0.157,-0.085,-0.002,0.994
1.347,-0.192,0.262,-0.087,0.001,0.994
1.347,-0.175,0.245,-0.088,-0.0,0.992
1.155,-0.123,0.262,-0.089,-0.002,0.992
1.26,-0.21,0.21,-0.087,-0.001,0.987
1.242,-0.21,0.28,-0.089,0.001,0.993
1.242,-0.21,0.21,-0.088,-0.001,0.99
1.242,-0.157,0.298,-0.086,0.004,0.992
1.278,-0.175,0.175,-0.089,-0.0,0.991
1.295,-0.192,0.298,-0.084,-0.0,0.991
1.207,-0.192,0.228,-0.09,0.002,0.993
1.26,-0.123,0.157,-0.086,-0.0,0.991
1.155,-0.157,0.262,-0.088,0.0,0.989
1.242,-0.14,0.157,-0.087,0.0,0.99
1.312,-0.14,0.245,-0.086,-0.001,0.991
1.19,-0.175,0.228,-0.088,-0.001,0.993
1.242,-0.157,0.28,-0.087,-0.0,0.993
1.312,-0.175,0.192,-0.085,-0.0,0.993
1.207,-0.228,0.192,-0.084,-0.001,0.991
1.207,-0.157,0.28,-0.086,0.001,0.99
1.383,-0.087,0.298,-0.087,-0.001,0.991
1.19,-0.192,0.21,-0.089,-0.0,0.991
1.173,-0.175,0.262,-0.087,0.002,0.991
1.19,-0.052,0.21,-0.087,0.0,0.99
1.207,-0.175,0.245,-0.085,0.0,0.993
1.138,-0.052,0.228,-0.085,0.0,0.992
1.225,-0.192,0.192,-0.088,-0.0,0.991
1.278,-0.175,0.245,-0.086,-0.003,0.992
1.19,-0.157,0.245,-0.087,0.002,0.99
1.19,-0.228,0.21,-0.088,0.001,0.993
1.242,-0.28,0.192,-0.088,0.0,0.993
1.295,-0.157,0.228,-0.087,-0.002,0.99
1.347,-0.228,0.228,-0.089,-0.0,0.991
1.26,-0.123,0.262,-0.086,0.0,0.991
1.312,-0.298,0.245,-0.088,-0.001,0.992
1.278,-0.245,0.28,-0.087,0.0,0.991
1.207,-0.21,0.262,-0.089,0.0,0.99
1.26,-0.07,0.21,-0.089,0.002,0.99
1.173,-0.14,0.228,-0.086,0.0,0.99
1.19,-0.14,0.262,-0.089,0.0,0.991
1.26,-0.192,0.262,-0.089,0.001,0.991
1.207,-0.105,0.262,-0.087,0.001,0.991
1.225,-0.157,0.262,-0.089,0.0,0.992
1.155,-0.21,0.228,-0.087,0.003,0.992
1.155,-0.14,0.262,-0.086,-0.0,0.992
1.365,-0.07,0.262,-0.086,-0.0,0.99
1.207,-0.21,0.245,-0.087,0.002,0.991
1.347,-0.245,0.245,-0.087,-0.0,0.993
1.225,-0.157,0.245,-0.089,0.001,0.99
1.225,-0.157,0.175,-0.089,-0.0,0.991
1.242,-0.245,0.262,-0.084,0.002,0.991
1.4,-0.228,0.192,-0.086,-0.0,0.99
1.347,-0.507,0.385,-0.088,-0.005,0.997
1.207,-0.157,0.175,-0.086,0.003,0.989
3.378,-4.742,-0.14,-0.102,-0.016,0.998
15.068,-13.212,-0.157,-0.059,0.001,0.983
-13.685,15.295,0.84,-0.061,0.025,1.034
-1.015,2.118,0.77,-0.068,-0.006,0.965
12.88,-11.935,-1.26,-0.108,-0.068,0.912
11.2,-12.11,29.032,-0.042,-0.137,1.147
18.917,-7.91,27.667,-0.14,0.079,1.055
32.48,3.797,12.6,-0.101,0.098,1.038
17.43,10.71,13.387,-0.03,0.144,1.011
5.18,7.157,11.917,0.083,0.295,0.81
21.105,11.113,4.585,-0.015,0.291,0.879
16.24,6.738,-10.693,-0.1,0.121,1.057
3.885,-13.738,-24.692,-0.106,-0.015,1.075
10.203,-12.863,-26.18,-0.128,-0.078,1.103
1.138,-5.093,-3.483,-0.104,0.002,0.838
3.115,-5.687,20.177,-0.116,0.156,0.849
-0.087,-1.173,27.16,-0.133,0.305,0.915
1.155,8.96,19.933,-0.118,0.413,1.06
10.693,6.23,4.778,-0.032,0.319,1.107
11.97,5.863,-15.26,0.057,0.259,1.056
19.827,4.55,-32.568,0.17,0.112,0.925
11.252,-5.495,-43.855,0.053,0.029,0.947
-3.535,-5.53,-49.998,-0.054,-0.038,0.916
-14.0,-15.417,-39.095,-0.179,0.004,0.98
-8.417,-18.743,-23.24,-0.269,-0.028,1.021
-11.427,-12.653,-2.345,-0.275,0.061,0.972
-13.773,8.767,7.682,-0.222,0.151,0.969
-8.085,15.155,16.1,-0.179,0.17,0.937
-10.395,10.815,20.09,-0.089,0.18,0.953
-4.392,1.523,24.763,-0.075,0.168,1.02
-5.145,3.237,18.358,-0.055,0.179,1.066
10.028,8.715,16.625,-0.016,0.15,1.116
-11.917,13.528,-3.098,-0.075,0.12,1.05
-0.157,12.18,4.935,-0.032,0.101,0.961
14.087,10.063,6.282,-0.007,0.053,0.864
6.755,-2.678,6.93,-0.092,0.044,0.824
-5.687,-6.492,3.727,-0.138,0.068,0.898
-4.532,-13.458,-0.577,-0.11,0.077,1.004
-4.463,-10.377,-5.093,-0.155,0.104,1.075
-2.922,-0.368,-1.645,-0.105,0.155,1.31
9.275,14.595,-5.53,-0.129,0.21,1.233
43.173,27.003,-4.812,-0.162,0.176,1.261
35.577,35.228,-15.417,-0.043,0.1,1.014
32.97,36.173,-7.858,-0.117,0.043,0.594
17.937,29.243,-7.49,-0.254,0.021,0.353
-16.013,-4.13,-6.318,-0.211,0.107,0.136
-41.72,-60.41,0.175,-0.075,0.033,0.657
-60.06,-72.257,14.07,0.002,0.221,1.563
-21.962,-23.135,14.368,-0.151,0.193,1.423
3.15,-2.362,6.615,-0.188,0.206,1.322
14.35,23.905,-6.79,-0.146,0.093,1.042
7.088,10.868,-3.098,-0.129,0.079,0.883
3.5,1.26,-6.843,-0.119,0.06,0.905
0.07,0.577,-11.27,-0.108,0.068,0.992
-9.45,2.03,-12.583,-0.108,0.081,0.995
-0.647,5.443,-9.398,-0.146,0.069,0.936
-1.575,0.123,-8.592,-0.142,0.066,1.01
-3.027,4.515,-3.43,-0.119,0.084,0.961
4.812,3.78,-0.228,-0.172,0.057,0.986
0.14,0.228,0.437,-0.172,0.064,0.997
3.185,0.333,-0.507,-0.137,0.07,0.967
3.902,-0.42,-0.77,-0.137,0.058,0.982
1.015,-0.123,-0.192,-0.143,0.066,0.986
0.752,-1.295,0.507,-0.156,0.054,0.977
2.922,-3.92,-0.858,-0.15,0.071,0.978
-0.21,-4.918,-3.57,0.02,0.181,1.021
-2.66,1.365,13.125,0.13,0.31,0.93
51.59,20.79,-4.34,-0.299,0.105,0.966
41.965,15.575,-19.635,-0.702,-0.357,0.904
-42.525,-6.597,-50.435,-0.26,-0.236,1.124
-92.085,-40.127,-47.583,0.386,0.316,0.893
2.852,18.077,10.587,-0.271,0.215,0.659
67.095,34.178,14.7,-0.878,-0.213,1.158
-23.257,-37.888,-0.962,0.045,0.003,1.199
-40.04,-40.11,52.535,0.512,-0.004,0.492
97.195,-9.292,-47.127,-0.785,-0.489,1.2
-19.302,-28.595,-46.515,0.197,0.218,1.114
-20.458,-40.932,58.048,0.553,0.064,0.769
78.173,11.602,10.903,-0.765,0.194,1.232
-17.097,-3.08,-7.315,0.3,0.068,1.097
-28.385,-17.343,22.715,-0.096,0.203,0.939
7.49,1.995,2.188,-0.106,0.189,1.011
9.012,-2.17,2.642,-0.011,0.079,0.988
-3.57,-7.84,2.555,-0.045,0.076,0.971
-8.208,-11.41,1.242,0.015,0.097,0.958
-4.095,-7.84,-1.487,0.001,0.112,0.987
-4.76,-3.273,-3.01,0.001,0.087,0.995
-9.135,0.403,-3.693,-0.004,0.095,1.028
-6.825,1.575,-3.622,-0.012,0.082,0.962
-0.507,-1.347,-2.975,-0.009,0.055,0.991
-9.852,3.868,-4.918,-0.003,0.084,0.988
-7.665,0.052,0.245,0.03,0.07,0.983
-1.68,0.472,0.228,-0.011,0.053,0.997
-3.237,-2.135,0.14,-0.008,0.032,0.998
-5.25,-5.443,-0.455,-0.011,0.051,0.984
-4.305,-4.812,-1.452,0.04,0.059,1.01
-1.942,-2.415,-1.452,0.021,0.016,0.961
9.712,-0.717,2.8,0.108,0.089,0.972
25.112,6.3,2.345,0.004,0.051,0.993
22.663,6.58,6.965,-0.03,0.074,0.994
-21.805,21.7,0.192,-0.112,0.058,0.955
-9.047,10.307,-3.938,-0.003,0.055,0.951
-7.122,6.878,-0.945,-0.022,0.051,0.995
-1.645,1.872,0.018,0.001,0.063,0.956
1.628,-0.805,-0.56,0.057,0.112,0.975
8.89,-7.648,0.035,-0.048,0.032,0.952
35.42,-30.345,-0.49,-0.017,0.074,0.931
52.868,-46.06,-1.085,0.032,0.119,0.995
-3.622,10.693,0.7,-0.067,0.087,1.013
5.32,-6.003,0.437,0.004,0.109,1.057
-0.7,1.942,0.42,0.026,0.143,0.961
0.385,0.21,0.333,0.042,0.126,0.991
1.89,-0.35,0.28,0.046,0.144,0.98
1.365,-0.192,0.28,0.036,0.146,0.985
0.98,-0.07,0.228,0.047,0.136,0.989
1.278,-0.21,0.157,0.04,0.135,0.986
1.418,-0.245,0.245,0.04,0.143,0.982
1.207,-0.21,0.192,0.041,0.136,0.986
1.242,-0.14,0.192,0.041,0.143,0.985
1.26,-0.228,0.245,0.043,0.139,0.987
1.207,-0.192,0.21,0.038,0.139,0.984
1.207,-0.192,0.228,0.043,0.142,0.983
1.225,-0.21,0.298,0.04,0.139,0.985
1.225,-0.157,0.21,0.044,0.138,0.985
1.26,-0.21,0.192,0.043,0.139,0.983
1.278,-0.157,0.262,0.041,0.137,0.985
1.155,-0.105,0.228,0.043,0.139,0.984
1.242,-0.245,0.228,0.042,0.14,0.985
1.225,-0.21,0.262,0.041,0.138,0.986
1.207,-0.157,0.21,0.041,0.137,0.984
1.207,-0.175,0.28,0.044,0.139,0.983
1.278,-0.123,0.298,0.041,0.138,0.986
1.19,-0.228,0.21,0.043,0.138,0.988
1.242,-0.21,0.192,0.039,0.138,0.985
1.295,-0.192,0.157,0.043,0.139,0.987
1.26,-0.21,0.14,0.042,0.14,0.986
1.12,-0.14,0.262,0.041,0.14,0.985
1.138,-0.175,0.245,0.043,0.14,0.989
1.26,-0.228,0.21,0.04,0.139,0.986
1.242,-0.175,0.298,0.041,0.141,0.984
1.26,-0.123,0.21,0.041,0.138,0.985
1.278,-0.157,0.21,0.042,0.141,0.986
1.138,-0.175,0.28,0.041,0.139,0.985
1.225,-0.28,0.228,0.041,0.142,0.983
1.173,-0.28,0.192,0.041,0.14,0.985
1.295,-0.192,0.228,0.043,0.14,0.985
1.312,-0.157,0.315,0.04,0.137,0.985
1.207,-0.28,0.21,0.044,0.139,0.983
1.207,-0.105,0.21,0.042,0.139,0.985
1.225,-0.21,0.245,0.043,0.14,0.984
1.225,-0.157,0.157,0.044,0.14,0.988
1.26,-0.28,0.21,0.043,0.142,0.984
1.102,-0.105,0.228,0.043,0.138,0.984
1.26,-0.245,0.298,0.041,0.14,0.984
1.173,-0.262,0.245,0.043,0.137,0.985
1.138,-0.175,0.228,0.041,0.14,0.983
1.173,-0.123,0.245,0.041,0.139,0.985
1.225,-0.298,0.21,0.043,0.141,0.984
1.225,-0.228,0.192,0.041,0.139,0.986
1.138,-0.192,0.21,0.042,0.141,0.984
1.085,-0.175,0.228,0.041,0.141,0.986
1.225,-0.21,0.175,0.04,0.139,0.986
1.26,-0.175,0.245,0.042,0.142,0.982
1.173,-0.228,0.262,0.04,0.141,0.986
1.242,-0.14,0.298,0.042,0.141,0.985
1.225,-0.123,0.175,0.043,0.14,0.983
1.225,-0.228,0.175,0.041,0.144,0.988
1.295,-0.157,0.228,0.043,0.137,0.984
1.26,-0.157,0.28,0.042,0.141,0.986
1.19,-0.157,0.245,0.042,0.14,0.983
1.155,-0.123,0.192,0.041,0.139,0.986
1.242,-0.105,0.192,0.04,0.139,0.984
1.225,-0.14,0.21,0.041,0.138,0.987
1.26,-0.21,0.228,0.04,0.138,0.987
1.242,-0.192,0.245,0.041,0.138,0.986
1.278,-0.192,0.192,0.042,0.139,0.985
1.242,-0.228,0.157,0.042,0.139,0.984
1.278,-0.21,0.28,0.041,0.138,0.987
1.278,-0.21,0.298,0.041,0.142,0.989
1.102,-0.087,0.21,0.042,0.138,0.986
1.347,-0.21,0.262,0.041,0.144,0.984
1.225,-0.228,0.192,0.042,0.138,0.985
1.295,-0.157,0.175,0.041,0.14,0.985
1.33,-0.245,0.298,0.042,0.14,0.986
1.242,-0.245,0.35,0.041,0.14,0.986
1.207,-0.123,0.262,0.043,0.14,0.983
1.19,-0.07,0.228,0.042,0.141,0.985
1.26,-0.123,0.21,0.042,0.138,0.986
1.365,-0.14,0.157,0.041,0.141,0.988
1.173,-0.157,0.228,0.042,0.138,0.986
1.242,-0.245,0.21,0.04,0.142,0.986
1.26,-0.105,0.21,0.041,0.138,0.986
1.312,-0.192,0.21,0.044,0.142,0.987
1.207,-0.123,0.21,0.039,0.14,0.984
1.155,-0.262,0.245,0.041,0.142,0.985
1.19,-0.245,0.298,0.042,0.139,0.986
1.207,-0.175,0.175,0.046,0.139,0.986
1.19,-0.105,0.21,0.042,0.137,0.985
1.155,-0.14,0.245,0.044,0.142,0.984
1.26,-0.157,0.228,0.041,0.138,0.986
1.19,-0.157,0.28,0.043,0.142,0.984
1.278,-0.228,0.228,0.041,0.138,0.985
1.278,-0.14,0.262,0.043,0.14,0.985
1.225,-0.105,0.262,0.042,0.136,0.986
1.242,-0.21,0.21,0.039,0.141,0.985
1.19,-0.157,0.245,0.044,0.138,0.985
1.365,-0.228,0.21,0.045,0.14,0.982
1.347,-0.192,0.21,0.041,0.141,0.986
1.295,-0.175,0.262,0.042,0.139,0.986
1.155,-0.157,0.228,0.043,0.139,0.987
1.155,-0.28,0.192,0.045,0.141,0.983
1.207,-0.21,0.262,0.042,0.14,0.986
1.12,-0.123,0.21,0.041,0.14,0.984
1.173,-0.123,0.315,0.038,0.14,0.983
1.173,-0.14,0.21,0.042,0.14,0.985
1.26,-0.21,0.21,0.041,0.139,0.983
1.225,-0.175,0.245,0.041,0.14,0.986
1.26,-0.228,0.21,0.042,0.139,0.986
1.225,-0.192,0.228,0.041,0.141,0.984
1.33,-0.245,0.28,0.043,0.138,0.986
1.242,-0.262,0.21,0.043,0.138,0.984
1.12,-0.105,0.21,0.043,0.14,0.984
1.26,-0.123,0.245,0.041,0.136,0.984
1.26,-0.157,0.228,0.039,0.139,0.985
1.33,-0.262,0.228,0.042,0.139,0.984
1.19,-0.14,0.262,0.042,0.14,0.986
1.19,-0.052,0.262,0.045,0.142,0.984
1.102,-0.175,0.262,0.041,0.139,0.983
1.19,-0.157,0.21,0.042,0.142,0.985
1.155,-0.175,0.245,0.042,0.141,0.984
1.33,-0.157,0.28,0.042,0.142,0.984
1.19,-0.192,0.192,0.042,0.14,0.984
1.225,-0.123,0.228,0.041,0.137,0.984
1.26,-0.175,0.21,0.042,0.139,0.986
1.312,-0.21,0.192,0.043,0.14,0.985
1.26,-0.192,0.28,0.041,0.14,0.987
1.26,-0.157,0.157,0.042,0.14,0.985
1.19,-0.228,0.298,0.041,0.139,0.985
1.312,-0.21,0.245,0.042,0.14,0.985
1.295,-0.175,0.245,0.043,0.139,0.986
1.102,-0.21,0.21,0.041,0.14,0.984
1.242,-0.245,0.228,0.044,0.14,0.986
1.225,-0.228,0.28,0.043,0.139,0.983
1.26,-0.192,0.228,0.041,0.137,0.983
1.26,-0.192,0.245,0.04,0.139,0.985
1.26,-0.157,0.157,0.041,0.137,0.986
1.26,-0.21,0.262,0.042,0.141,0.985
1.138,-0.175,0.192,0.043,0.137,0.985
1.242,-0.14,0.21,0.043,0.141,0.986
1.295,-0.14,0.192,0.044,0.138,0.987
1.225,-0.175,0.28,0.045,0.141,0.985
1.278,-0.175,0.192,0.04,0.141,0.986
1.242,-0.245,0.262,0.04,0.14,0.985
1.225,-0.245,0.21,0.042,0.141,0.987
1.085,-0.157,0.228,0.041,0.139,0.986
1.278,-0.105,0.245,0.041,0.139,0.986
1.278,-0.228,0.245,0.042,0.141,0.985
1.225,-0.07,0.192,0.042,0.139,0.985
1.207,-0.262,0.228,0.042,0.139,0.984
1.26,-0.21,0.245,0.042,0.14,0.982
1.225,-0.14,0.262,0.042,0.138,0.983
1.33,-0.192,0.228,0.044,0.141,0.986
1.26,-0.228,0.245,0.043,0.141,0.983
1.295,-0.228,0.228,0.041,0.139,0.986
1.207,-0.21,0.228,0.04,0.14,0.986
1.365,-0.175,0.298,0.042,0.14,0.985
1.225,-0.192,0.228,0.043,0.142,0.983
1.242,-0.157,0.21,0.043,0.141,0.984
1.207,-0.14,0.28,0.04,0.14,0.983
1.242,-0.21,0.192,0.042,0.139,0.986
1.26,-0.245,0.157,0.043,0.14,0.984
1.225,-0.105,0.175,0.039,0.14,0.985
1.33,-0.21,0.245,0.045,0.139,0.986
1.225,-0.21,0.245,0.041,0.141,0.985
1.207,-0.157,0.245,0.043,0.142,0.985
1.242,-0.087,0.228,0.044,0.141,0.986
1.138,-0.105,0.228,0.041,0.14,0.985
1.26,-0.175,0.21,0.043,0.139,0.983
1.26,-0.192,0.21,0.043,0.14,0.986
1.26,-0.175,0.298,0.041,0.139,0.986
1.278,-0.087,0.262,0.042,0.141,0.986
1.26,-0.157,0.21,0.044,0.139,0.985
1.19,-0.21,0.262,0.041,0.142,0.985
1.173,-0.105,0.21,0.041,0.142,0.985
1.12,-0.14,0.262,0.043,0.14,0.984
1.155,-0.14,0.21,0.043,0.138,0.985
1.295,-0.192,0.262,0.041,0.14,0.983
1.225,-0.157,0.14,0.042,0.141,0.987
1.19,-0.14,0.228,0.039,0.139,0.986
1.312,-0.28,0.192,0.041,0.14,0.986
1.33,-0.14,0.228,0.041,0.14,0.984
1.225,-0.175,0.245,0.041,0.14,0.987
1.242,-0.175,0.262,0.041,0.141,0.985
1.312,-0.21,0.175,0.041,0.14,0.985
1.207,-0.228,0.157,0.047,0.141,0.987
1.225,-0.21,0.192,0.041,0.14,0.987
1.207,-0.245,0.228,0.043,0.141,0.984
1.207,-0.28,0.262,0.041,0.139,0.985
1.19,-0.123,0.315,0.04,0.139,0.987
1.207,-0.123,0.298,0.044,0.14,0.986
1.242,-0.123,0.192,0.042,0.138,0.986
1.242,-0.262,0.245,0.045,0.14,0.985
1.26,-0.157,0.262,0.043,0.141,0.986
1.173,-0.21,0.175,0.043,0.141,0.983
1.155,-0.228,0.28,0.041,0.141,0.986
1.278,-0.14,0.192,0.04,0.138,0.985
1.225,-0.21,0.245,0.044,0.14,0.986
1.173,-0.087,0.245,0.042,0.141,0.985
1.295,-0.228,0.192,0.042,0.139,0.985
1.225,-0.192,0.228,0.043,0.139,0.987
1.295,-0.245,0.228,0.042,0.139,0.986
1.173,-0.157,0.262,0.042,0.138,0.984
1.33,-0.192,0.28,0.04,0.141,0.986
1.365,-0.157,0.262,0.041,0.14,0.984
1.225,-0.228,0.087,0.042,0.141,0.988
1.242,-0.228,0.298,0.045,0.14,0.984
1.312,-0.192,0.245,0.043,0.142,0.984
1.26,-0.245,0.28,0.039,0.137,0.985
1.173,-0.21,0.228,0.041,0.141,0.983
1.173,-0.087,0.262,0.043,0.139,0.985
1.242,-0.14,0.28,0.041,0.14,0.984
1.225,-0.175,0.262,0.041,0.138,0.986
1.225,-0.175,0.192,0.041,0.138,0.986
1.242,-0.105,0.245,0.042,0.139,0.985
1.225,-0.192,0.245,0.041,0.139,0.987
1.225,-0.14,0.228,0.041,0.137,0.987
1.19,-0.262,0.28,0.042,0.141,0.985
1.242,-0.105,0.245,0.041,0.14,0.986
1.138,-0.21,0.192,0.041,0.14,0.985
1.242,-0.175,0.262,0.041,0.138,0.986
1.312,-0.245,0.21,0.042,0.139,0.985
1.33,-0.192,0.21,0.043,0.138,0.984
1.295,-0.175,0.262,0.045,0.141,0.986
1.278,-0.21,0.228,0.041,0.141,0.985
1.26,-0.105,0.192,0.043,0.14,0.986
1.225,-0.157,0.14,0.042,0.14,0.984
1.242,-0.192,0.228,0.045,0.139,0.984
1.19,-0.192,0.228,0.041,0.14,0.986
1.173,-0.105,0.245,0.039,0.139,0.984
1.138,-0.157,0.21,0.04,0.14,0.983
1.347,-0.123,0.192,0.043,0.139,0.986
1.26,-0.21,0.228,0.044,0.14,0.986
1.173,-0.192,0.21,0.041,0.139,0.984
1.278,-0.157,0.14,0.041,0.139,0.985
1.207,-0.175,0.21,0.044,0.14,0.986
1.085,-0.21,0.21,0.043,0.138,0.986
1.242,-0.087,0.157,0.041,0.143,0.985
1.278,-0.21,0.245,0.04,0.137,0.982
1.26,-0.192,0.228,0.043,0.138,0.986
1.225,-0.105,0.262,0.041,0.139,0.984
1.26,-0.228,0.157,0.042,0.139,0.983
1.242,-0.245,0.245,0.043,0.141,0.986
1.173,-0.228,0.175,0.043,0.14,0.985
1.278,-0.14,0.262,0.041,0.143,0.972
1.242,-0.21,0.21,0.044,0.139,0.979
1.33,-0.175,0.228,0.045,0.139,0.988
1.155,-0.14,0.28,0.042,0.137,0.988
1.085,-0.105,0.175,0.045,0.14,0.987
1.312,-0.245,0.245,0.041,0.14,0.985
1.19,-0.157,0.298,0.042,0.138,0.983
1.155,-0.21,0.175,0.042,0.14,0.984
1.242,-0.21,0.245,0.041,0.143,0.986
1.19,-0.157,0.262,0.038,0.139,0.984
1.138,-0.228,0.21,0.043,0.138,0.985
1.347,-0.175,0.21,0.039,0.137,0.985
1.138,-0.157,0.298,0.042,0.139,0.984
1.173,-0.21,0.192,0.042,0.141,0.983
1.207,-0.228,0.228,0.043,0.14,0.983
1.242,-0.192,0.228,0.042,0.137,0.984
1.295,-0.157,0.245,0.041,0.142,0.987
1.26,-0.245,0.175,0.044,0.141,0.984
1.225,-0.192,0.262,0.042,0.141,0.984
1.33,-0.228,0.28,0.044,0.139,0.982
1.295,-0.21,0.245,0.041,0.139,0.986
1.26,-0.052,0.21,0.044,0.139,0.985
1.312,-0.192,0.35,0.041,0.141,0.986
1.278,-0.175,0.28,0.042,0.139,0.985
1.242,-0.21,0.228,0.04,0.14,0.986
1.312,-0.192,0.245,0.04,0.144,0.987
1.225,-0.175,0.262,0.043,0.139,0.986
1.242,-0.245,0.192,0.041,0.142,0.988
1.173,-0.157,0.262,0.043,0.139,0.984
1.278,-0.228,0.262,0.039,0.142,0.983
1.155,-0.175,0.228,0.043,0.141,0.984
1.295,-0.245,0.21,0.041,0.141,0.986
1.225,-0.228,0.192,0.041,0.139,0.986
1.19,-0.087,0.245,0.042,0.139,0.985
1.12,-0.14,0.192,0.04,0.138,0.983
1.225,-0.175,0.245,0.041,0.14,0.984
1.242,-0.105,0.21,0.042,0.142,0.986
1.26,-0.157,0.192,0.045,0.142,0.985
1.242,-0.105,0.192,0.041,0.138,0.985
1.347,-0.192,0.228,0.042,0.141,0.985
1.12,-0.123,0.262,0.044,0.139,0.986
1.347,-0.21,0.262,0.04,0.141,0.98
1.452,-0.543,0.175,0.042,0.143,0.981
1.803,-0.735,0.123,0.042,0.143,0.98
1.295,-0.157,0.262,0.042,0.136,0.987
1.225,-0.157,0.298,0.041,0.141,0.985
-0.472,1.225,0.228,0.046,0.135,1.0
-1.452,2.555,0.368,0.044,0.146,0.976
5.128,-3.973,0.14,0.038,0.138,0.991
2.608,-1.138,0.21,0.039,0.132,1.095
1.732,-0.245,0.28,0.051,0.16,0.985
0.788,0.157,0.28,0.046,0.14,0.994
1.312,-0.228,0.28,0.037,0.138,0.981
0.752,0.42,0.245,0.04,0.141,0.983
-0.788,1.487,0.228,0.056,0.135,0.973
1.645,-0.822,-1.715,0.001,0.121,0.977
0.7,-0.892,-8.417,0.054,0.083,0.968
0.875,-4.113,-2.818,0.048,0.211,1.037
-4.358,-13.177,0.175,0.01,0.124,1.038
-16.782,-10.762,-5.512,0.072,0.11,0.981
-3.447,-18.253,-1.33,0.143,0.109,0.943
-0.35,-19.968,5.985,0.163,0.088,1.022
-6.3,-13.37,4.585,0.1,0.085,0.972
-10.99,-7.997,2.38,0.128,0.1,0.983
-12.792,-4.83,-4.532,0.104,0.105,0.964
-2.1,0.507,-7.665,0.122,0.1,0.97
-1.278,1.05,-5.128,0.111,0.08,0.961
0.49,-3.325,-2.852,0.107,0.076,1.002
5.687,-6.213,-1.768,0.117,0.089,1.056
3.36,2.678,-0.543,0.124,0.071,1.096
-4.2,18.288,2.747,0.115,0.112,1.033
0.245,22.505,1.89,0.092,0.109,0.988
0.245,9.573,-2.047,0.102,0.102,0.964
0.315,-4.41,-2.485,0.109,0.098,0.987
-1.54,-2.31,-7.805,0.097,0.086,1.039
-0.123,3.605,-7.735,0.101,0.081,1.03
2.415,2.922,-4.235,0.101,0.069,1.028
2.328,4.69,-1.925,0.077,0.083,1.083
2.1,9.8,-2.537,0.043,0.104,1.071
-5.302,16.257,-3.57,0.061,0.08,1.028
-14.42,21.0,-11.392,0.062,0.083,0.991
-1.242,16.468,-12.32,0.051,0.093,0.929
1.925,8.208,-11.725,0.05,0.057,0.953
4.392,9.852,-6.003,0.055,0.008,0.894
2.362,13.563,-5.758,0.019,-0.006,0.8
1.803,6.247,-9.24,-0.022,-0.006,0.804
4.463,-8.977,-15.26,-0.06,0.035,0.884
0.052,-11.813,-13.3,-0.055,0.018,0.939
-4.725,1.347,-6.51,-0.032,0.029,0.968
-10.587,3.763,-7.945,-0.042,0.052,0.96
-4.742,0.822,-9.047,-0.011,0.042,0.982
-9.38,-3.325,-9.625,-0.012,0.033,0.979
-5.477,-5.617,-9.94,0.009,0.034,0.973
-3.43,-7.14,-8.873,0.013,0.022,0.985
-7.735,-10.815,-10.57,0.006,0.016,1.003
-5.88,-10.693,-11.462,0.025,0.01,1.017
-5.023,-5.25,-7.56,0.002,-0.002,1.016
-6.195,-1.663,-5.25,0.019,-0.023,1.01
4.778,-1.138,-5.722,0.012,-0.021,1.014
2.922,-3.027,-2.572,0.022,-0.039,1.007
1.347,-2.1,0.087,0.033,-0.017,0.979
1.033,-2.293,-0.49,0.035,0.001,0.977
1.487,-2.713,-4.025,0.054,0.008,0.957
0.315,-7.49,-8.102,0.021,0.021,0.982
0.228,-8.12,-12.915,0.044,0.028,0.961
-1.207,-10.885,-19.058,0.041,0.018,1.045
-22.365,4.988,-25.095,0.004,-0.037,1.148
-21.892,11.602,-26.968,0.042,-0.027,1.02
3.868,0.665,-29.802,0.032,-0.007,0.845
15.925,-15.592,-19.74,0.074,-0.352,2.992
18.007,22.225,1.312,0.073,-0.087,1.386
2.765,-1.558,-11.97,0.088,0.096,0.686
40.268,-9.783,7.49,0.087,-0.1,1.042
5.932,3.36,13.913,0.121,-0.011,1.014
14.613,3.92,8.365,0.044,0.047,0.917
23.292,-6.807,12.39,-0.095,0.144,1.069
15.96,0.577,8.733,0.153,0.181,1.182
6.895,6.93,5.145,0.034,0.111,1.086
-3.483,3.01,-0.437,0.012,0.102,1.035
-7.105,2.293,-2.118,0.041,0.058,1.019
-6.177,1.977,-0.157,0.045,0.06,0.949
0.035,-3.745,0.368,0.055,0.038,0.999
-1.592,-8.05,2.223,0.023,0.058,0.964
-3.447,-1.418,5.722,0.036,0.051,0.978
-1.82,-3.938,8.068,0.082,0.036,1.0
-2.328,-8.085,6.423,0.008,0.044,1.074
-7.0,-0.98,-2.135,0.006,0.06,1.012
-4.025,4.148,-3.29,0.08,0.02,0.973
-9.118,-2.082,2.608,0.032,0.031,0.983
-8.4,-0.42,-0.437,0.051,0.028,1.05
-22.312,-1.803,-0.665,0.029,0.009,0.997
-13.563,5.687,-1.908,0.085,-0.006,0.999
-10.745,1.732,-0.788,0.041,-0.014,0.94
0.63,-4.952,2.835,0.051,-0.072,0.981
-4.358,-4.97,8.033,0.051,-0.07,1.003
0.945,-1.12,12.705,0.048,-0.066,1.023
-2.485,1.663,15.313,0.032,-0.071,1.0
9.363,-1.155,19.827,0.031,-0.065,0.994
11.533,-1.207,23.94,0.055,-0.066,1.012
6.125,0.577,25.445,0.057,-0.048,0.996
8.977,0.507,28.507,0.073,-0.02,0.978
12.67,-4.06,32.585,0.057,-0.029,0.979
12.127,-5.11,33.6,0.065,-0.01,1.012
9.573,-0.437,34.615,0.05,0.002,1.023
9.975,3.5,35.472,0.065,0.02,0.99
15.208,-0.577,37.292,0.056,0.03,0.996
9.783,-3.675,35.612,0.064,0.032,0.999
0.98,-3.43,32.165,0.079,0.045,0.982
2.503,-2.17,30.415,0.076,0.056,0.962
4.69,-5.11,26.653,0.075,0.039,0.973
0.613,-4.707,21.577,0.102,0.031,0.996
-0.49,-0.262,19.792,0.092,0.041,0.988
4.445,-3.885,17.43,0.084,0.041,0.95
4.778,-7.91,17.36,0.092,0.024,0.997
-2.713,-3.43,15.347,0.105,0.021,1.012
0.822,-0.35,17.097,0.087,0.034,0.992
1.768,-1.067,14.613,0.083,0.031,0.991
4.515,-0.455,13.09,0.091,0.022,0.996
6.983,0.56,14.648,0.096,0.01,1.007
3.342,-0.035,14.507,0.101,0.011,0.989
4.883,0.858,15.575,0.099,-0.001,1.006
2.713,3.85,16.817,0.081,0.008,0.986
3.15,0.717,17.85,0.087,0.019,0.981
6.58,-1.785,19.337,0.098,0.023,0.981
3.727,-0.805,19.722,0.1,0.032,0.996
7.42,1.155,22.82,0.106,0.041,0.989
10.028,2.047,23.888,0.084,0.051,0.987
6.213,0.018,22.12,0.117,0.06,0.974
1.628,-0.577,21.228,0.129,0.064,0.98
5.11,-0.035,19.862,0.099,0.052,0.976
6.02,-4.218,17.868,0.102,0.052,0.972
0.595,-4.497,17.57,0.119,0.053,0.992
4.287,-5.425,18.323,0.105,0.054,0.985
-5.302,-0.192,13.055,0.125,0.041,1.064
-7.858,7.84,11.27,0.127,0.058,0.957
3.902,-3.325,13.212,0.122,0.05,0.961
-2.082,-6.878,7.193,0.116,0.057,0.991
-2.24,0.717,1.19,0.12,0.067,0.992
3.027,-0.49,-2.065,0.115,0.06,0.991
1.155,-0.455,-4.935,0.126,0.026,1.009
0.42,1.68,-2.922,0.127,0.027,1.001
0.157,2.608,-3.465,0.122,0.051,0.995
0.49,4.34,-9.118,0.126,0.06,1.001
1.487,3.745,-14.28,0.097,0.065,0.969
0.77,1.715,-20.212,0.114,0.047,0.975
-2.678,-0.035,-23.695,0.125,0.041,0.993
-0.228,-0.875,-24.517,0.104,0.032,0.997
-6.965,-1.663,-26.093,0.092,0.021,0.998
-5.775,0.437,-26.862,0.101,0.025,1.005
-6.807,0.962,-28.157,0.126,0.033,1.006
-5.653,4.742,-30.73,0.086,0.018,0.998
-4.2,2.398,-31.587,0.081,0.005,0.969
-6.423,1.102,-34.79,0.068,-0.002,1.004
-11.2,2.572,-38.22,0.097,0.009,0.974
-2.975,1.47,-39.025,0.098,-0.008,0.978
-7.403,-2.87,-41.632,0.094,-0.003,0.998
-3.763,1.015,-42.77,0.1,0.003,0.985
-2.45,-0.21,-40.653,0.088,0.001,0.987
5.46,3.605,-39.83,0.087,0.004,1.007
-0.298,3.447,-40.022,0.084,0.014,0.991
-1.925,0.77,-43.05,0.086,0.008,1.008
-9.083,1.645,-47.705,0.068,0.007,1.003
-12.932,3.693,-51.013,0.074,-0.002,0.978
-12.46,-1.768,-51.537,0.083,-0.015,0.983
-7.997,-3.378,-49.682,0.093,-0.037,0.981
-5.582,-1.977,-43.662,0.085,-0.045,0.98
0.788,0.945,-42.158,0.076,-0.019,0.983
7.927,3.815,-51.678,0.06,-0.001,1.016
-1.663,5.372,-61.092,0.106,-0.003,1.017
-7.088,3.465,-69.982,0.057,-0.006,0.973
-6.86,-0.788,-71.488,0.082,-0.056,0.977
-9.1,-5.18,-61.443,0.101,-0.041,1.003
5.845,2.118,-48.458,0.099,-0.071,1.02
24.325,8.977,-23.747,0.091,-0.126,1.117
5.863,6.738,-8.645,0.116,-0.04,0.956
11.078,2.188,-5.512,0.061,-0.03,0.958
10.623,-5.932,-1.768,0.075,-0.027,0.948
11.83,-5.512,6.633,0.07,-0.003,0.958
13.65,12.267,5.443,0.09,0.082,1.017
8.523,12.477,0.735,0.016,0.038,1.01
23.853,13.825,1.207,0.043,0.081,0.973
34.037,19.6,6.142,0.027,0.061,0.996
34.353,20.317,6.878,0.016,0.103,0.97
23.397,13.825,2.03,0.029,0.127,0.982
28.77,18.55,0.805,-0.044,0.157,0.966
33.303,20.808,3.237,-0.025,0.197,0.98
1.855,-0.035,-0.228,-0.168,0.275,1.04
6.51,-0.28,-1.242,0.008,0.167,0.939
-1.942,-0.14,1.312,-0.001,0.207,0.98
0.472,-1.102,-3.01,-0.023,0.214,0.938
0.613,5.145,-9.712,-0.026,0.198,0.908
-0.472,-1.155,-5.758,-0.02,0.232,0.882
3.412,-3.745,14.962,-0.03,0.149,0.88
8.733,-19.11,27.37,0.089,0.04,0.678
2.24,-99.33,47.04,-0.759,-0.366,-0.274
-49.577,-14.455,15.47,0.162,-0.005,0.23
51.713,31.378,-0.123,-0.032,0.103,0.871
-19.145,-17.325,-0.788,0.005,0.213,0.882
-2.52,-4.095,0.455,0.098,0.113,0.795
4.778,1.628,-0.333,0.036,0.197,0.866
2.905,0.945,0.333,0.042,0.196,0.921
-1.295,-2.1,0.437,0.026,0.192,0.963
2.118,0.525,0.105,0.039,0.2,0.973
1.96,0.368,0.175,0.035,0.2,0.977
-0.245,-1.19,0.228,0.035,0.186,0.973
1.925,0.333,0.298,0.037,0.2,0.98
1.418,0.0,0.245,0.034,0.191,0.979
0.63,-0.613,0.175,0.041,0.194,0.967
1.347,-0.105,0.245,0.03,0.19,0.981
1.138,-0.21,0.21,0.041,0.197,0.976
1.067,-0.21,0.192,0.039,0.187,0.977
1.312,-0.105,0.21,0.033,0.199,0.975
1.12,-0.157,0.262,0.038,0.189,0.98
1.155,-0.175,0.333,0.038,0.194,0.977
1.19,-0.262,0.175,0.036,0.191,0.975
1.102,-0.262,0.21,0.035,0.195,0.974
1.225,-0.21,0.262,0.036,0.192,0.974
1.295,-0.21,0.262,0.035,0.194,0.976
1.19,-0.21,0.245,0.041,0.191,0.974
1.347,-0.192,0.228,0.035,0.196,0.976
1.663,0.105,0.123,0.04,0.194,0.975
1.26,-0.21,0.28,0.038,0.193,0.974
1.278,-0.14,0.21,0.038,0.194,0.973
1.207,-0.192,0.228,0.035,0.195,0.977
1.173,-0.192,0.245,0.038,0.192,0.976
1.312,-0.157,0.298,0.036,0.193,0.972
1.242,-0.21,0.245,0.035,0.192,0.976
1.278,-0.192,0.245,0.038,0.197,0.975
1.312,-0.192,0.21,0.037,0.194,0.975
1.12,-0.123,0.228,0.037,0.196,0.977
1.12,-0.123,0.245,0.035,0.19,0.978
1.26,-0.192,0.192,0.037,0.194,0.977
1.19,-0.228,0.28,0.035,0.191,0.975
1.207,-0.123,0.21,0.036,0.195,0.975
1.26,-0.262,0.262,0.036,0.19,0.975
1.138,-0.245,0.175,0.037,0.197,0.976
1.207,-0.14,0.35,0.038,0.192,0.977
1.26,-0.157,0.262,0.036,0.195,0.976
1.278,-0.192,0.298,0.039,0.192,0.975
1.295,-0.087,0.262,0.038,0.192,0.975
1.33,-0.14,0.262,0.036,0.195,0.976
1.26,-0.157,0.123,0.038,0.191,0.977
1.225,-0.175,0.228,0.039,0.192,0.975
1.207,-0.157,0.228,0.037,0.194,0.974
1.225,-0.228,0.192,0.035,0.194,0.976
1.155,-0.105,0.192,0.035,0.193,0.977
1.312,-0.21,0.28,0.036,0.193,0.974
1.33,-0.21,0.175,0.038,0.196,0.974
1.278,-0.21,0.262,0.04,0.193,0.975
1.19,-0.21,0.228,0.039,0.195,0.976
1.207,-0.175,0.262,0.038,0.194,0.974
1.312,-0.192,0.21,0.039,0.192,0.975
1.225,-0.175,0.245,0.038,0.195,0.976
1.225,-0.192,0.157,0.036,0.193,0.976
1.225,-0.105,0.228,0.037,0.194,0.975
1.19,-0.157,0.21,0.039,0.195,0.975
1.19,-0.175,0.245,0.037,0.193,0.977
1.173,-0.21,0.315,0.038,0.192,0.975
1.19,-0.175,0.228,0.038,0.193,0.977
1.19,-0.123,0.245,0.038,0.193,0.977
1.207,-0.21,0.262,0.037,0.194,0.974
1.242,-0.228,0.228,0.038,0.193,0.976
1.207,-0.157,0.21,0.038,0.192,0.975
1.19,-0.21,0.245,0.037,0.194,0.975
1.242,-0.21,0.245,0.038,0.192,0.976
1.242,-0.105,0.245,0.037,0.193,0.974
1.242,-0.262,0.21,0.034,0.192,0.977
1.225,-0.175,0.262,0.041,0.193,0.974
1.33,-0.262,0.157,0.037,0.193,0.975
1.155,-0.333,0.21,0.036,0.191,0.974
1.19,-0.157,0.21,0.038,0.193,0.975
1.173,-0.192,0.245,0.037,0.192,0.976
1.207,-0.175,0.28,0.037,0.193,0.976
1.173,-0.175,0.21,0.034,0.194,0.976
1.225,-0.175,0.228,0.037,0.192,0.976
1.19,-0.123,0.192,0.036,0.193,0.974
1.207,-0.192,0.157,0.038,0.195,0.977
1.19,-0.315,0.228,0.038,0.193,0.976
1.295,-0.21,0.245,0.037,0.194,0.975
1.155,-0.157,0.21,0.039,0.191,0.976
1.225,-0.175,0.262,0.038,0.192,0.974
1.295,-0.175,0.21,0.039,0.194,0.976
1.19,-0.175,0.262,0.038,0.192,0.976
1.26,-0.21,0.298,0.035,0.193,0.975
1.19,-0.157,0.28,0.036,0.192,0.977
1.242,-0.21,0.228,0.036,0.194,0.974
1.295,-0.228,0.228,0.039,0.191,0.976
1.138,-0.14,0.228,0.036,0.193,0.974
1.26,-0.228,0.228,0.038,0.191,0.973
1.242,-0.175,0.21,0.038,0.193,0.974
1.102,-0.07,0.21,0.039,0.194,0.974
1.312,-0.157,0.21,0.037,0.194,0.974
1.295,-0.14,0.245,0.036,0.195,0.977
1.225,-0.192,0.157,0.036,0.191,0.975
1.242,-0.087,0.262,0.036,0.189,0.976
1.347,-0.14,0.28,0.039,0.191,0.977
1.312,-0.192,0.245,0.038,0.194,0.974
1.207,-0.157,0.245,0.039,0.191,0.976
1.278,-0.157,0.192,0.038,0.195,0.976
1.207,-0.21,0.245,0.035,0.194,0.974
1.278,-0.192,0.28,0.038,0.194,0.974
1.242,-0.228,0.228,0.036,0.194,0.974
1.207,-0.21,0.192,0.037,0.193,0.976
1.278,-0.228,0.245,0.036,0.193,0.976
1.33,-0.28,0.315,0.037,0.193,0.977
1.295,-0.228,0.245,0.035,0.193,0.977
1.225,-0.14,0.245,0.04,0.193,0.975
1.173,-0.228,0.21,0.037,0.195,0.975
1.173,-0.245,0.245,0.036,0.193,0.976
1.138,-0.245,0.262,0.038,0.193,0.975
1.173,-0.123,0.262,0.037,0.193,0.972
1.173,-0.192,0.21,0.036,0.193,0.976
1.312,-0.21,0.21,0.038,0.193,0.977
1.225,-0.105,0.228,0.039,0.194,0.978
1.207,-0.228,0.28,0.036,0.193,0.974
1.242,-0.192,0.228,0.037,0.193,0.977
1.26,-0.157,0.28,0.035,0.194,0.976
1.225,-0.228,0.228,0.038,0.193,0.975
1.26,-0.262,0.228,0.038,0.193,0.976
1.155,-0.192,0.21,0.034,0.191,0.976
1.242,-0.14,0.228,0.035,0.193,0.975
1.173,-0.14,0.262,0.039,0.19,0.976
1.155,-0.21,0.245,0.037,0.193,0.976
1.225,-0.175,0.262,0.038,0.193,0.975
1.26,-0.228,0.298,0.038,0.194,0.974
1.295,-0.21,0.228,0.037,0.193,0.976
1.242,-0.21,0.14,0.038,0.194,0.974
1.19,-0.105,0.315,0.038,0.193,0.979
1.207,-0.157,0.192,0.038,0.19,0.977
1.278,-0.123,0.245,0.037,0.195,0.977
1.278,-0.192,0.228,0.04,0.192,0.976
1.278,-0.105,0.21,0.038,0.192,0.976
1.278,-0.175,0.175,0.037,0.192,0.976
1.085,-0.245,0.228,0.037,0.194,0.977
1.173,-0.175,0.245,0.038,0.194,0.975
1.26,-0.21,0.245,0.037,0.196,0.973
1.26,-0.14,0.245,0.04,0.193,0.978
1.242,-0.123,0.228,0.037,0.194,0.975
1.295,-0.14,0.192,0.038,0.193,0.976
1.207,-0.157,0.228,0.037,0.195,0.975
1.173,-0.21,0.262,0.037,0.194,0.977
1.312,-0.14,0.245,0.036,0.192,0.976
1.33,-0.228,0.262,0.037,0.194,0.976
1.225,-0.228,0.192,0.038,0.194,0.976
1.207,-0.157,0.245,0.036,0.192,0.978
1.138,-0.228,0.245,0.037,0.193,0.972
1.207,-0.228,0.28,0.037,0.193,0.974
1.12,-0.262,0.228,0.035,0.192,0.975
1.207,-0.14,0.228,0.037,0.194,0.976
1.33,-0.175,0.262,0.034,0.193,0.976
1.173,-0.245,0.228,0.038,0.191,0.975
1.295,-0.14,0.21,0.036,0.192,0.977
1.365,-0.157,0.245,0.038,0.193,0.974
1.207,-0.123,0.21,0.037,0.193,0.975
1.242,-0.14,0.228,0.038,0.192,0.977
1.225,-0.21,0.192,0.035,0.192,0.974
1.295,-0.157,0.28,0.038,0.194,0.974
1.225,-0.21,0.28,0.037,0.192,0.976
1.242,-0.28,0.21,0.036,0.194,0.976
1.225,-0.175,0.245,0.037,0.193,0.976
1.295,-0.228,0.228,0.037,0.194,0.976
1.225,-0.14,0.228,0.038,0.193,0.977
1.12,-0.21,0.245,0.037,0.195,0.977
1.173,-0.123,0.192,0.036,0.194,0.975
1.173,-0.105,0.228,0.034,0.196,0.974
1.173,-0.228,0.228,0.038,0.19,0.976
1.242,-0.157,0.228,0.036,0.193,0.977
1.278,-0.157,0.228,0.038,0.191,0.976
1.26,-0.228,0.192,0.034,0.193,0.977
1.225,-0.105,0.262,0.036,0.193,0.975
1.26,-0.105,0.245,0.037,0.191,0.976
1.295,-0.228,0.228,0.038,0.194,0.977
1.242,-0.14,0.157,0.039,0.194,0.977
1.26,-0.192,0.228,0.038,0.193,0.978
1.365,-0.14,0.245,0.037,0.194,0.977
1.207,-0.105,0.192,0.037,0.192,0.973
1.312,-0.105,0.245,0.036,0.196,0.974
1.312,-0.175,0.228,0.038,0.194,0.976
1.173,-0.262,0.228,0.035,0.191,0.975
1.26,-0.157,0.228,0.039,0.193,0.975
1.138,-0.228,0.28,0.035,0.196,0.975
1.155,-0.245,0.21,0.036,0.194,0.976
1.173,-0.192,0.245,0.034,0.194,0.977
1.173,-0.175,0.245,0.036,0.193,0.978
1.312,-0.105,0.21,0.038,0.193,0.973
1.347,-0.175,0.28,0.036,0.194,0.975
1.295,-0.123,0.245,0.037,0.192,0.976
1.278,-0.175,0.21,0.038,0.193,0.975
1.383,-0.21,0.192,0.035,0.195,0.976
1.138,-0.228,0.315,0.037,0.194,0.976
1.242,-0.192,0.298,0.037,0.194,0.975
1.347,-0.228,0.28,0.036,0.191,0.976
1.26,-0.07,0.21,0.039,0.194,0.977
1.278,-0.175,0.28,0.037,0.193,0.976
1.278,-0.21,0.262,0.035,0.193,0.976
1.207,-0.157,0.192,0.037,0.193,0.978
1.225,-0.21,0.262,0.038,0.194,0.975
1.225,-0.298,0.245,0.038,0.192,0.975
1.207,-0.157,0.228,0.037,0.193,0.975
1.173,-0.192,0.192,0.039,0.193,0.976
1.225,-0.175,0.28,0.036,0.193,0.975
1.207,-0.28,0.28,0.036,0.194,0.974
1.225,-0.21,0.175,0.04,0.194,0.975
1.173,-0.175,0.228,0.038,0.193,0.975
1.383,-0.175,0.245,0.038,0.194,0.976
1.173,-0.175,0.298,0.036,0.194,0.977
1.278,-0.105,0.262,0.036,0.196,0.974
1.312,-0.175,0.21,0.036,0.192,0.975
1.242,-0.21,0.21,0.039,0.194,0.975
1.26,-0.21,0.262,0.039,0.195,0.975
1.33,-0.157,0.192,0.034,0.193,0.978
1.242,-0.175,0.192,0.037,0.193,0.976
1.26,-0.157,0.228,0.039,0.194,0.974
1.225,-0.192,0.245,0.038,0.193,0.976
1.12,-0.123,0.262,0.036,0.193,0.975
1.138,-0.052,0.28,0.039,0.193,0.976
1.19,-0.157,0.21,0.037,0.196,0.975
1.278,-0.245,0.192,0.036,0.191,0.976
1.278,-0.262,0.228,0.036,0.191,0.976
1.225,-0.175,0.28,0.036,0.193,0.974
1.173,-0.14,0.21,0.036,0.196,0.975
1.12,-0.192,0.245,0.038,0.193,0.976
1.278,-0.175,0.175,0.038,0.193,0.976
1.242,-0.123,0.192,0.038,0.194,0.977
1.26,-0.21,0.192,0.038,0.195,0.975
1.155,-0.157,0.228,0.034,0.193,0.976
1.207,-0.175,0.21,0.036,0.193,0.974
1.26,-0.14,0.228,0.037,0.195,0.976
1.207,-0.105,0.21,0.036,0.19,0.975
1.173,-0.192,0.28,0.035,0.195,0.974
1.207,-0.298,0.245,0.036,0.191,0.975
1.26,-0.21,0.245,0.039,0.196,0.974
1.347,-0.123,0.28,0.037,0.194,0.976
1.242,-0.175,0.21,0.034,0.193,0.976
1.295,-0.14,0.28,0.035,0.193,0.975
1.278,-0.21,0.21,0.036,0.192,0.976
1.278,-0.157,0.262,0.041,0.195,0.977
1.347,-0.175,0.245,0.039,0.191,0.975
1.295,-0.21,0.245,0.034,0.193,0.975
1.173,-0.157,0.228,0.036,0.194,0.977
1.242,-0.157,0.262,0.037,0.194,0.975
1.155,-0.087,0.262,0.038,0.195,0.977
1.19,-0.157,0.192,0.037,0.193,0.975
1.19,-0.21,0.175,0.037,0.195,0.975
1.365,-0.245,0.157,0.037,0.192,0.974
1.12,-0.192,0.192,0.04,0.193,0.975
1.26,-0.192,0.245,0.036,0.193,0.975
1.12,-0.228,0.245,0.039,0.194,0.975
1.155,-0.192,0.245,0.037,0.193,0.976
1.155,-0.157,0.14,0.036,0.195,0.975
1.33,-0.157,0.228,0.039,0.193,0.975
1.155,-0.175,0.262,0.037,0.193,0.976
1.242,-0.228,0.228,0.04,0.192,0.976
1.312,-0.14,0.245,0.035,0.192,0.976
1.312,-0.175,0.21,0.037,0.194,0.976
1.207,-0.123,0.228,0.037,0.194,0.98
1.225,-0.052,0.245,0.037,0.195,0.977
1.242,-0.192,0.21,0.035,0.194,0.975
1.242,-0.21,0.228,0.037,0.193,0.974
1.225,-0.14,0.245,0.037,0.194,0.973
1.225,-0.175,0.262,0.037,0.194,0.976
1.225,-0.245,0.192,0.037,0.194,0.975
1.365,-0.087,0.245,0.036,0.192,0.973
1.242,-0.21,0.228,0.037,0.195,0.976
1.085,-0.262,0.262,0.035,0.195,0.976
1.26,-0.14,0.262,0.036,0.194,0.976
1.26,-0.192,0.175,0.037,0.195,0.976
1.19,-0.21,0.175,0.037,0.196,0.974
1.312,-0.175,0.245,0.036,0.193,0.974
1.347,-0.192,0.175,0.036,0.194,0.976
1.242,-0.192,0.192,0.035,0.193,0.977
1.295,-0.192,0.175,0.038,0.195,0.975
1.242,-0.157,0.298,0.034,0.193,0.974
1.19,-0.175,0.192,0.035,0.194,0.975
1.225,-0.14,0.192,0.035,0.195,0.976
1.12,-0.262,0.14,0.036,0.193,0.974
1.242,-0.157,0.228,0.037,0.194,0.977
1.225,-0.228,0.245,0.037,0.193,0.976
1.26,-0.157,0.228,0.04,0.193,0.974
1.138,-0.192,0.175,0.037,0.192,0.977
1.278,-0.123,0.262,0.036,0.192,0.976
1.26,-0.192,0.21,0.04,0.193,0.974
1.225,-0.157,0.228,0.039,0.195,0.975
1.207,-0.14,0.175,0.037,0.195,0.976
1.19,-0.14,0.245,0.038,0.192,0.976
1.242,-0.175,0.245,0.039,0.193,0.977
1.26,-0.14,0.262,0.038,0.193,0.975
1.278,-0.228,0.28,0.036,0.196,0.974
1.173,-0.192,0.28,0.037,0.193,0.975
1.225,-0.087,0.228,0.034,0.192,0.976
1.207,-0.21,0.245,0.037,0.192,0.975
1.207,-0.228,0.228,0.036,0.196,0.976
1.33,-0.14,0.228,0.037,0.193,0.975
1.225,-0.175,0.192,0.036,0.193,0.974
1.33,-0.123,0.262,0.038,0.192,0.976
1.278,-0.21,0.228,0.036,0.193,0.977
1.19,-0.123,0.228,0.036,0.192,0.976
1.33,-0.262,0.192,0.038,0.194,0.976
1.242,-0.175,0.28,0.039,0.194,0.975
1.242,-0.245,0.35,0.037,0.195,0.974
1.312,-0.035,0.245,0.038,0.192,0.976
1.155,-0.157,0.228,0.035,0.195,0.974
1.225,-0.157,0.245,0.037,0.194,0.976
1.19,-0.087,0.21,0.036,0.195,0.976
1.242,-0.245,0.228,0.034,0.194,0.974
1.155,-0.262,0.192,0.036,0.193,0.975
1.33,-0.157,0.228,0.037,0.195,0.976
1.278,-0.245,0.175,0.035,0.196,0.975
1.26,-0.192,0.21,0.036,0.194,0.975
1.242,-0.175,0.245,0.037,0.193,0.974
1.207,-0.21,0.245,0.035,0.193,0.972
1.225,-0.14,0.245,0.037,0.192,0.975
1.19,-0.262,0.21,0.035,0.194,0.976
1.242,-0.192,0.228,0.036,0.191,0.974
1.173,-0.28,0.21,0.035,0.195,0.976
1.278,-0.123,0.245,0.037,0.192,0.976
1.225,-0.123,0.262,0.038,0.194,0.974
1.207,-0.14,0.262,0.038,0.192,0.975
1.312,-0.192,0.28,0.037,0.194,0.976
1.155,-0.245,0.228,0.037,0.193,0.973
1.155,-0.245,0.228,0.037,0.191,0.973
1.19,-0.175,0.245,0.036,0.193,0.973
1.295,-0.192,0.192,0.039,0.193,0.974
1.242,-0.175,0.245,0.037,0.192,0.973
1.207,-0.157,0.262,0.037,0.193,0.974
1.278,-0.14,0.228,0.037,0.193,0.976
1.225,-0.123,0.175,0.037,0.194,0.978
1.312,-0.14,0.245,0.039,0.193,0.976
1.242,-0.157,0.262,0.033,0.191,0.973
1.173,-0.192,0.262,0.036,0.196,0.976
1.26,-0.21,0.245,0.036,0.192,0.976
1.312,-0.21,0.228,0.035,0.196,0.977
1.225,-0.192,0.228,0.035,0.192,0.977
1.278,-0.175,0.228,0.035,0.193,0.974
1.278,-0.157,0.245,0.037,0.194,0.976
1.207,-0.245,0.175,0.035,0.194,0.975
1.278,-0.245,0.28,0.035,0.194,0.975
1.312,-0.14,0.192,0.038,0.195,0.976
1.138,-0.105,0.28,0.037,0.193,0.976
1.26,-0.14,0.228,0.034,0.194,0.976
1.33,-0.262,0.228,0.037,0.193,0.975
1.347,-0.245,0.245,0.039,0.193,0.974
1.26,-0.14,0.21,0.038,0.195,0.977
1.295,-0.245,0.21,0.037,0.193,0.975
1.225,-0.175,0.245,0.037,0.193,0.978
1.242,-0.192,0.262,0.039,0.196,0.977
1.26,-0.228,0.228,0.039,0.194,0.976
1.242,-0.14,0.192,0.038,0.193,0.974
1.278,-0.175,0.262,0.035,0.193,0.973
1.138,-0.14,0.228,0.035,0.193,0.973
1.067,-0.175,0.245,0.036,0.193,0.976
1.26,-0.228,0.21,0.036,0.191,0.978
1.242,-0.228,0.262,0.038,0.194,0.974
1.295,-0.157,0.228,0.036,0.193,0.974
1.242,-0.14,0.228,0.035,0.195,0.976
1.295,-0.175,0.262,0.038,0.193,0.976
1.155,-0.192,0.245,0.038,0.194,0.975
1.242,-0.228,0.192,0.038,0.193,0.977
1.207,-0.262,0.245,0.038,0.194,0.976
1.278,-0.21,0.245,0.039,0.194,0.974
1.26,-0.123,0.192,0.039,0.192,0.978
1.365,-0.157,0.262,0.037,0.193,0.976
1.225,-0.157,0.157,0.036,0.193,0.975
1.19,-0.228,0.245,0.037,0.194,0.977
1.173,-0.21,0.192,0.037,0.193,0.976
1.225,-0.192,0.228,0.038,0.193,0.977
1.173,-0.21,0.298,0.036,0.193,0.976
1.19,-0.14,0.228,0.036,0.194,0.976
1.19,-0.298,0.228,0.039,0.193,0.975
1.207,-0.228,0.192,0.034,0.193,0.975
1.173,-0.192,0.192,0.036,0.194,0.976
1.242,-0.175,0.192,0.036,0.193,0.976
1.19,-0.21,0.192,0.038,0.192,0.973
1.26,-0.175,0.262,0.034,0.193,0.976
1.225,-0.175,0.262,0.038,0.194,0.977
1.207,-0.21,0.262,0.039,0.194,0.976
1.207,-0.157,0.298,0.037,0.191,0.975
1.242,-0.123,0.245,0.035,0.194,0.976
1.242,-0.157,0.192,0.033,0.194,0.977
1.19,-0.157,0.192,0.035,0.193,0.974
1.26,-0.175,0.28,0.037,0.192,0.976
1.19,-0.245,0.368,0.035,0.193,0.976
1.207,-0.228,0.315,0.037,0.192,0.973
1.207,-0.192,0.262,0.036,0.192,0.975
1.207,-0.123,0.175,0.039,0.191,0.976
1.207,-0.245,0.175,0.033,0.193,0.975
1.278,-0.21,0.245,0.038,0.195,0.974
1.278,-0.123,0.192,0.038,0.195,0.976
1.225,-0.175,0.192,0.037,0.191,0.975
1.295,-0.192,0.262,0.037,0.195,0.976
1.278,-0.105,0.262,0.038,0.194,0.977
1.242,-0.175,0.262,0.036,0.196,0.976
1.278,-0.175,0.262,0.038,0.191,0.975
1.295,-0.07,0.228,0.036,0.194,0.974
1.19,-0.175,0.262,0.037,0.193,0.975
1.12,-0.14,0.21,0.036,0.197,0.976
1.173,-0.245,0.21,0.037,0.193,0.975
1.26,-0.175,0.192,0.038,0.193,0.974
1.155,-0.175,0.262,0.04,0.195,0.976
1.26,-0.228,0.21,0.035,0.196,0.973
1.295,-0.157,0.262,0.036,0.193,0.976
1.33,-0.192,0.245,0.037,0.193,0.977
1.278,-0.123,0.245,0.035,0.192,0.973
1.225,-0.21,0.21,0.036,0.195,0.976
1.295,-0.105,0.245,0.038,0.194,0.975
1.207,-0.21,0.228,0.037,0.194,0.977
1.278,-0.105,0.262,0.033,0.196,0.977
1.242,-0.228,0.262,0.036,0.192,0.976
1.12,-0.245,0.28,0.038,0.193,0.975
1.173,-0.192,0.245,0.036,0.194,0.977
1.26,-0.245,0.21,0.038,0.195,0.974
1.225,-0.175,0.21,0.036,0.195,0.976
1.225,-0.175,0.245,0.035,0.193,0.977
1.242,-0.192,0.245,0.037,0.194,0.974
1.207,-0.175,0.28,0.039,0.191,0.976
1.225,-0.262,0.192,0.037,0.193,0.976
1.173,-0.21,0.21,0.036,0.191,0.976
1.225,-0.157,0.228,0.037,0.193,0.973
1.33,-0.245,0.245,0.037,0.196,0.975
1.26,-0.175,0.28,0.04,0.19,0.974
1.207,-0.21,0.192,0.036,0.193,0.976
1.207,-0.157,0.192,0.036,0.195,0.976
1.155,-0.157,0.228,0.038,0.194,0.975
1.295,-0.157,0.28,0.038,0.193,0.975
1.312,-0.14,0.21,0.037,0.194,0.976
1.207,-0.157,0.228,0.041,0.192,0.975
1.242,-0.175,0.245,0.036,0.195,0.974
1.26,-0.21,0.175,0.037,0.191,0.975
1.102,-0.21,0.192,0.036,0.193,0.975
1.242,-0.192,0.123,0.036,0.194,0.976
1.295,-0.192,0.21,0.039,0.193,0.973
1.033,-0.228,0.245,0.037,0.193,0.978
1.295,-0.192,0.228,0.035,0.193,0.976
1.225,-0.192,0.192,0.041,0.193,0.975
1.19,-0.192,0.192,0.038,0.194,0.977
1.173,-0.262,0.245,0.035,0.195,0.974
1.173,-0.07,0.21,0.037,0.197,0.974
1.278,-0.21,0.262,0.036,0.193,0.974
1.155,-0.228,0.175,0.037,0.191,0.976
1.242,-0.245,0.262,0.039,0.191,0.972
1.138,-0.105,0.245,0.039,0.193,0.975
1.173,-0.175,0.175,0.038,0.193,0.977
1.33,-0.087,0.245,0.037,0.194,0.974
1.278,-0.245,0.157,0.037,0.195,0.974
1.225,-0.175,0.228,0.036,0.191,0.976
1.278,-0.157,0.21,0.035,0.195,0.974
1.26,-0.157,0.228,0.035,0.193,0.977
1.19,-0.175,0.21,0.036,0.193,0.975
1.207,-0.21,0.28,0.038,0.194,0.976
1.225,-0.262,0.262,0.038,0.193,0.977
1.295,-0.157,0.262,0.037,0.196,0.976
1.278,-0.21,0.21,0.039,0.194,0.975
1.242,-0.175,0.14,0.037,0.194,0.972
1.26,-0.228,0.21,0.037,0.194,0.976
1.173,-0.14,0.192,0.036,0.192,0.975
1.19,-0.228,0.28,0.039,0.193,0.977
1.173,-0.192,0.245,0.036,0.192,0.975
1.26,-0.14,0.315,0.036,0.194,0.975
1.207,-0.192,0.192,0.038,0.193,0.974
1.207,-0.14,0.175,0.037,0.192,0.973
1.19,-0.192,0.21,0.038,0.192,0.973
1.155,-0.123,0.228,0.037,0.192,0.977
1.435,-0.14,0.228,0.035,0.194,0.976
1.312,-0.157,0.192,0.037,0.192,0.976
1.19,-0.14,0.262,0.038,0.194,0.976
1.33,-0.123,0.298,0.037,0.193,0.976
1.312,-0.105,0.228,0.037,0.193,0.978
1.242,-0.157,0.21,0.038,0.19,0.974
1.295,-0.21,0.175,0.037,0.194,0.973
1.242,-0.175,0.262,0.04,0.193,0.976
1.173,-0.262,0.262,0.036,0.196,0.976
1.173,-0.262,0.245,0.037,0.193,0.973
1.085,-0.245,0.228,0.037,0.191,0.975
1.067,-0.262,0.192,0.035,0.193,0.974
1.102,-0.28,0.21,0.038,0.193,0.976
1.19,-0.175,0.21,0.036,0.194,0.975
1.173,-0.21,0.228,0.039,0.193,0.976
1.19,-0.192,0.21,0.035,0.193,0.974
1.278,-0.28,0.28,0.035,0.194,0.975
1.242,-0.228,0.192,0.037,0.192,0.973
1.295,-0.175,0.14,0.037,0.194,0.975
1.312,-0.157,0.228,0.036,0.196,0.973
1.207,-0.123,0.192,0.036,0.193,0.976
1.225,-0.21,0.262,0.036,0.19,0.975
1.26,-0.157,0.21,0.034,0.194,0.976
1.278,-0.175,0.35,0.035,0.195,0.975
1.225,-0.192,0.21,0.038,0.191,0.976
1.225,-0.245,0.228,0.034,0.193,0.976
1.278,-0.157,0.245,0.037,0.193,0.976
1.138,-0.052,0.21,0.038,0.193,0.976
1.207,-0.157,0.228,0.038,0.193,0.976
1.242,-0.123,0.245,0.036,0.193,0.976
1.33,-0.175,0.245,0.035,0.193,0.975
1.383,-0.262,0.21,0.037,0.193,0.974
1.155,-0.175,0.298,0.038,0.194,0.976
1.242,-0.21,0.262,0.035,0.193,0.975
1.242,-0.157,0.192,0.036,0.194,0.974
1.365,-0.105,0.192,0.038,0.192,0.977
1.207,-0.157,0.228,0.037,0.193,0.975
1.26,-0.175,0.175,0.038,0.193,0.972
1.102,-0.105,0.262,0.037,0.193,0.976
1.207,-0.157,0.21,0.037,0.193,0.977
1.26,-0.14,0.21,0.038,0.193,0.975
1.383,-0.262,0.28,0.036,0.193,0.977
1.295,-0.262,0.157,0.038,0.193,0.975
1.26,-0.245,0.228,0.036,0.195,0.975
1.242,-0.28,0.245,0.034,0.193,0.976
1.085,-0.245,0.262,0.038,0.193,0.977
1.278,-0.157,0.28,0.039,0.194,0.976
1.19,-0.245,0.21,0.038,0.194,0.975
1.33,-0.21,0.228,0.037,0.191,0.976
1.365,-0.123,0.228,0.037,0.192,0.977
1.242,-0.228,0.262,0.037,0.193,0.975
1.138,-0.28,0.245,0.037,0.192,0.976
1.155,-0.21,0.28,0.036,0.194,0.975
1.173,-0.228,0.245,0.036,0.196,0.973
1.225,-0.21,0.245,0.035,0.194,0.976
1.225,-0.21,0.228,0.039,0.193,0.976
1.19,-0.087,0.192,0.036,0.194,0.974
1.242,-0.175,0.14,0.035,0.194,0.978
1.295,-0.175,0.21,0.036,0.195,0.975
1.347,-0.105,0.28,0.036,0.194,0.976
1.26,-0.123,0.28,0.036,0.193,0.975
1.312,-0.157,0.245,0.039,0.193,0.977
1.242,-0.087,0.21,0.036,0.193,0.976
1.225,-0.14,0.228,0.038,0.193,0.974
1.312,-0.123,0.262,0.035,0.195,0.976
1.155,-0.175,0.262,0.037,0.196,0.977
1.19,-0.157,0.262,0.036,0.193,0.974
1.207,-0.245,0.14,0.038,0.193,0.973
1.33,-0.228,0.245,0.034,0.192,0.976
1.26,-0.228,0.245,0.037,0.196,0.975
1.278,-0.21,0.21,0.036,0.194,0.974
1.19,-0.157,0.228,0.038,0.193,0.975
1.225,-0.192,0.262,0.035,0.194,0.975
1.242,-0.21,0.262,0.036,0.193,0.975
1.242,-0.157,0.228,0.037,0.194,0.974
1.383,-0.192,0.262,0.038,0.194,0.976
1.19,-0.175,0.192,0.037,0.194,0.975
1.19,-0.228,0.245,0.033,0.193,0.976
1.295,-0.28,0.192,0.036,0.192,0.975
1.225,-0.157,0.21,0.036,0.192,0.977
1.225,-0.105,0.21,0.039,0.193,0.975
1.207,-0.192,0.245,0.038,0.193,0.975
1.207,-0.192,0.21,0.038,0.194,0.977
1.19,-0.157,0.192,0.037,0.193,0.974
1.19,-0.21,0.245,0.039,0.191,0.976
1.173,-0.175,0.28,0.036,0.194,0.976
1.33,-0.157,0.21,0.038,0.193,0.976
1.278,-0.175,0.262,0.038,0.193,0.976
1.242,-0.105,0.157,0.035,0.195,0.976
1.365,-0.21,0.245,0.035,0.191,0.976
1.207,-0.123,0.28,0.036,0.193,0.976
1.173,-0.175,0.28,0.034,0.194,0.977
1.225,-0.228,0.175,0.036,0.194,0.977
1.278,-0.21,0.192,0.036,0.192,0.978
1.19,-0.228,0.262,0.038,0.194,0.977
1.207,-0.21,0.228,0.034,0.193,0.977
1.173,-0.192,0.192,0.037,0.193,0.976
1.225,-0.157,0.245,0.037,0.193,0.975
1.138,-0.192,0.123,0.037,0.194,0.975
1.19,-0.21,0.175,0.033,0.193,0.974
1.207,-0.21,0.262,0.038,0.192,0.975
1.242,-0.157,0.21,0.04,0.195,0.976
1.347,-0.192,0.192,0.037,0.194,0.976
1.242,-0.228,0.28,0.038,0.191,0.975
1.242,-0.228,0.245,0.033,0.193,0.975
1.278,-0.175,0.228,0.036,0.194,0.977
1.207,-0.087,0.21,0.038,0.195,0.977
1.33,-0.07,0.192,0.038,0.193,0.976
1.207,-0.157,0.228,0.034,0.194,0.978
1.225,-0.123,0.245,0.037,0.194,0.977
1.173,-0.192,0.298,0.037,0.195,0.975
1.207,-0.245,0.298,0.037,0.194,0.976
1.242,-0.28,0.175,0.037,0.193,0.975
1.225,-0.228,0.192,0.037,0.194,0.974
1.19,-0.228,0.28,0.034,0.193,0.975
1.312,-0.175,0.175,0.037,0.194,0.976
1.19,-0.298,0.228,0.037,0.193,0.974
1.26,-0.157,0.262,0.039,0.194,0.976
1.173,-0.14,0.262,0.035,0.194,0.974
1.225,-0.175,0.262,0.037,0.194,0.975
1.155,-0.245,0.228,0.037,0.194,0.975
1.225,-0.228,0.245,0.038,0.192,0.974
1.278,-0.228,0.28,0.038,0.191,0.976
1.26,-0.052,0.245,0.036,0.195,0.975
1.242,-0.245,0.298,0.036,0.192,0.973
1.102,-0.262,0.245,0.036,0.197,0.978
1.383,-0.175,0.21,0.037,0.193,0.976
1.207,-0.157,0.245,0.036,0.191,0.976
1.19,-0.192,0.28,0.037,0.192,0.974
1.207,-0.192,0.21,0.038,0.194,0.976
1.225,-0.192,0.245,0.038,0.193,0.974
1.19,-0.175,0.245,0.036,0.195,0.976
1.19,-0.123,0.192,0.036,0.195,0.977
1.26,-0.14,0.245,0.036,0.195,0.978
1.26,-0.192,0.245,0.035,0.193,0.979
1.295,-0.228,0.175,0.037,0.196,0.978
1.365,-0.228,0.192,0.036,0.196,0.978
1.207,-0.157,0.298,0.037,0.193,0.977
1.26,-0.14,0.28,0.037,0.193,0.975
1.19,-0.175,0.245,0.036,0.194,0.976
1.207,-0.105,0.157,0.037,0.193,0.976
1.225,-0.21,0.21,0.039,0.194,0.976
1.278,-0.228,0.28,0.037,0.191,0.975
1.155,-0.14,0.298,0.038,0.194,0.975
1.207,-0.175,0.21,0.037,0.194,0.974
1.19,-0.14,0.245,0.035,0.193,0.975
1.225,-0.21,0.245,0.038,0.196,0.975
1.225,-0.175,0.175,0.038,0.192,0.976
1.26,-0.157,0.298,0.037,0.194,0.975
1.19,-0.192,0.14,0.039,0.194,0.975
1.278,-0.105,0.245,0.04,0.195,0.978
1.347,-0.123,0.262,0.038,0.194,0.978
1.26,-0.245,0.192,0.037,0.191,0.973
1.278,-0.262,0.21,0.037,0.195,0.975
1.102,-0.14,0.245,0.037,0.194,0.975
1.207,-0.175,0.21,0.037,0.192,0.972
1.278,-0.192,0.228,0.039,0.192,0.975
1.278,-0.192,0.228,0.034,0.194,0.976
1.102,-0.192,0.28,0.036,0.194,0.974
1.365,-0.228,0.262,0.037,0.193,0.976
1.207,-0.123,0.245,0.037,0.192,0.976
1.242,-0.21,0.228,0.038,0.194,0.976
1.225,-0.21,0.245,0.038,0.194,0.976
1.312,-0.245,0.228,0.037,0.198,0.977
1.26,-0.087,0.245,0.037,0.193,0.975
1.242,-0.228,0.175,0.038,0.194,0.978
1.225,-0.157,0.298,0.037,0.193,0.974
1.207,-0.157,0.28,0.037,0.195,0.975
1.138,-0.14,0.21,0.036,0.193,0.976
1.225,-0.123,0.192,0.035,0.193,0.975
1.26,-0.245,0.175,0.039,0.193,0.975
1.278,-0.21,0.262,0.035,0.193,0.976
1.347,-0.228,0.262,0.038,0.193,0.974
1.26,-0.175,0.28,0.038,0.196,0.974
1.173,-0.192,0.175,0.038,0.194,0.975
1.173,-0.192,0.228,0.038,0.194,0.975
1.33,-0.175,0.262,0.037,0.193,0.977
1.295,-0.105,0.21,0.034,0.195,0.976
1.242,-0.21,0.21,0.036,0.195,0.98
1.278,-0.157,0.175,0.038,0.195,0.976
1.295,-0.105,0.28,0.038,0.194,0.978
1.225,-0.192,0.245,0.036,0.194,0.978
1.207,-0.157,0.21,0.036,0.193,0.975
1.155,-0.157,0.298,0.037,0.194,0.976
1.12,-0.175,0.262,0.037,0.195,0.974
1.295,-0.14,0.262,0.038,0.194,0.974
1.207,-0.245,0.228,0.036,0.194,0.976
1.242,-0.21,0.157,0.034,0.195,0.977
1.225,-0.192,0.21,0.035,0.193,0.975
1.207,-0.228,0.21,0.037,0.194,0.977
1.067,-0.35,0.298,0.036,0.193,0.973
1.242,-0.175,0.333,0.039,0.194,0.977
1.295,-0.14,0.262,0.039,0.193,0.975
1.295,-0.123,0.262,0.038,0.194,0.977
1.225,-0.192,0.21,0.036,0.194,0.975
1.278,-0.228,0.245,0.038,0.194,0.976
1.278,-0.157,0.228,0.035,0.194,0.975
1.207,-0.123,0.245,0.037,0.195,0.974
1.242,-0.157,0.245,0.036,0.193,0.976
1.242,-0.105,0.262,0.039,0.195,0.975
1.173,-0.175,0.245,0.036,0.194,0.976
1.19,-0.28,0.245,0.035,0.194,0.974
1.19,-0.175,0.298,0.036,0.193,0.975
1.19,-0.192,0.192,0.035,0.196,0.975
1.173,-0.175,0.192,0.038,0.193,0.974
1.295,-0.192,0.245,0.037,0.195,0.977
1.278,-0.157,0.262,0.036,0.192,0.975
1.383,-0.192,0.262,0.038,0.194,0.974
1.295,-0.175,0.175,0.038,0.195,0.977
1.207,-0.192,0.245,0.038,0.195,0.976
1.33,-0.175,0.28,0.037,0.192,0.976
1.347,-0.175,0.21,0.037,0.19,0.975
1.207,-0.21,0.262,0.037,0.195,0.977
1.312,-0.14,0.157,0.036,0.193,0.975
1.242,-0.192,0.157,0.039,0.193,0.974
1.155,-0.175,0.245,0.035,0.194,0.976
1.242,-0.262,0.298,0.038,0.196,0.976
1.26,-0.262,0.21,0.037,0.194,0.974
1.225,-0.175,0.245,0.037,0.195,0.975
1.19,-0.228,0.245,0.037,0.194,0.976
1.26,-0.262,0.228,0.033,0.193,0.977
1.19,-0.157,0.192,0.037,0.194,0.974
1.312,-0.105,0.175,0.039,0.193,0.979
1.26,-0.018,0.28,0.037,0.192,0.977
1.312,-0.105,0.192,0.035,0.197,0.977
1.242,-0.14,0.228,0.038,0.19,0.976
1.33,-0.192,0.245,0.038,0.193,0.976
1.173,-0.157,0.21,0.038,0.195,0.975
1.173,-0.175,0.262,0.036,0.193,0.977
1.242,-0.192,0.262,0.035,0.193,0.976
1.19,-0.157,0.21,0.035,0.194,0.976
1.155,-0.192,0.28,0.039,0.192,0.974
1.155,-0.175,0.228,0.04,0.192,0.975
1.19,-0.192,0.28,0.034,0.192,0.974
1.155,-0.228,0.21,0.039,0.191,0.974
1.295,-0.245,0.245,0.037,0.196,0.974
1.242,-0.192,0.21,0.039,0.193,0.976
1.173,-0.123,0.228,0.035,0.192,0.975
1.05,-0.123,0.21,0.037,0.195,0.975
1.138,-0.14,0.28,0.039,0.193,0.973
1.12,-0.105,0.298,0.038,0.193,0.975
1.138,-0.175,0.262,0.036,0.193,0.974
1.278,-0.157,0.245,0.039,0.191,0.976
1.225,-0.07,0.192,0.036,0.192,0.974
1.155,-0.228,0.192,0.041,0.193,0.976
1.365,-0.157,0.21,0.033,0.196,0.975
1.155,-0.192,0.262,0.035,0.195,0.976
1.138,-0.21,0.192,0.037,0.195,0.975
1.242,-0.157,0.245,0.039,0.195,0.975
1.173,-0.157,0.245,0.039,0.194,0.975
1.173,-0.192,0.21,0.035,0.195,0.975
1.19,-0.192,0.28,0.037,0.195,0.975
1.155,-0.245,0.192,0.039,0.193,0.977
1.26,-0.14,0.228,0.038,0.193,0.975
1.225,-0.157,0.192,0.036,0.193,0.974
1.26,-0.21,0.192,0.037,0.193,0.976
1.12,-0.21,0.228,0.039,0.192,0.975
1.155,-0.192,0.245,0.036,0.194,0.974
1.173,-0.21,0.14,0.038,0.194,0.974
1.26,-0.14,0.21,0.036,0.194,0.976
1.207,-0.192,0.28,0.037,0.193,0.977
1.278,-0.123,0.298,0.036,0.193,0.976
1.278,-0.228,0.175,0.035,0.195,0.977
1.365,-0.262,0.262,0.036,0.194,0.976
1.207,-0.21,0.228,0.037,0.193,0.974
1.312,-0.245,0.21,0.035,0.194,0.975
1.173,-0.245,0.245,0.038,0.193,0.976
1.278,-0.157,0.14,0.037,0.195,0.976
1.278,-0.105,0.21,0.036,0.193,0.979
1.383,-0.087,0.192,0.036,0.193,0.977
1.33,-0.175,0.228,0.037,0.197,0.979
1.26,-0.105,0.228,0.036,0.193,0.974
1.295,-0.21,0.192,0.038,0.195,0.976
1.173,-0.192,0.21,0.036,0.194,0.976
1.225,-0.123,0.262,0.037,0.194,0.975
1.242,-0.14,0.245,0.035,0.193,0.973
1.173,-0.192,0.262,0.037,0.193,0.976
1.242,-0.175,0.175,0.038,0.193,0.975
1.242,-0.192,0.192,0.036,0.192,0.975
1.19,-0.175,0.228,0.038,0.194,0.975
1.278,-0.157,0.175,0.037,0.196,0.979
1.173,-0.192,0.192,0.034,0.192,0.976
1.207,-0.14,0.298,0.037,0.194,0.976
1.207,-0.228,0.245,0.036,0.194,0.977
1.242,-0.228,0.21,0.04,0.192,0.975
1.207,-0.28,0.157,0.036,0.193,0.975
1.295,-0.14,0.192,0.036,0.196,0.975
1.173,-0.123,0.21,0.035,0.194,0.976
1.19,-0.21,0.21,0.036,0.194,0.973
1.225,-0.28,0.21,0.034,0.193,0.974
1.05,-0.14,0.245,0.037,0.194,0.974
1.26,-0.192,0.228,0.038,0.191,0.973
1.155,-0.14,0.228,0.037,0.196,0.978
1.225,-0.123,0.228,0.036,0.192,0.976
1.242,-0.175,0.262,0.038,0.194,0.976
1.207,-0.175,0.192,0.038,0.194,0.975
1.278,-0.175,0.192,0.034,0.192,0.977
1.19,-0.192,0.21,0.036,0.195,0.975
1.138,-0.105,0.262,0.037,0.194,0.976
1.312,-0.175,0.192,0.037,0.194,0.975
1.207,-0.228,0.228,0.036,0.195,0.974
1.138,-0.192,0.228,0.037,0.192,0.975
1.173,-0.192,0.228,0.038,0.192,0.973
1.19,-0.192,0.228,0.037,0.195,0.977
1.207,-0.245,0.157,0.037,0.193,0.975
1.26,-0.175,0.262,0.035,0.193,0.975
1.19,-0.228,0.262,0.036,0.195,0.975
1.26,-0.175,0.245,0.036,0.191,0.976
1.207,-0.157,0.262,0.037,0.194,0.976
1.207,-0.245,0.192,0.035,0.193,0.976
1.207,-0.157,0.262,0.036,0.194,0.974
1.225,-0.157,0.192,0.038,0.193,0.976
1.173,-0.21,0.262,0.036,0.194,0.976
1.207,-0.228,0.192,0.036,0.194,0.975
1.26,-0.262,0.175,0.036,0.193,0.978
1.26,-0.175,0.192,0.036,0.193,0.978
1.347,-0.035,0.298,0.036,0.195,0.976
1.278,-0.087,0.175,0.034,0.194,0.976
1.383,-0.175,0.245,0.037,0.193,0.975
1.225,-0.157,0.21,0.036,0.194,0.976
1.295,-0.175,0.21,0.033,0.193,0.975
1.295,-0.21,0.262,0.035,0.195,0.977
1.19,-0.175,0.28,0.038,0.195,0.974
1.278,-0.175,0.245,0.039,0.195,0.975
1.19,-0.21,0.192,0.036,0.193,0.975
1.067,-0.245,0.245,0.037,0.195,0.973
1.225,-0.175,0.245,0.037,0.192,0.972
1.102,-0.21,0.228,0.035,0.194,0.973
1.278,-0.175,0.228,0.036,0.195,0.973
1.19,-0.175,0.192,0.035,0.193,0.976
1.242,-0.245,0.262,0.037,0.192,0.976
1.19,-0.175,0.298,0.033,0.194,0.976
1.225,-0.175,0.21,0.038,0.193,0.975
1.225,-0.14,0.315,0.035,0.193,0.976
1.225,-0.105,0.21,0.035,0.194,0.977
1.242,-0.14,0.157,0.038,0.193,0.976
1.19,-0.14,0.21,0.037,0.194,0.979
1.207,-0.14,0.21,0.035,0.193,0.976
1.295,-0.192,0.157,0.036,0.196,0.976
1.155,-0.175,0.21,0.036,0.194,0.976
1.102,-0.175,0.262,0.037,0.194,0.977
1.19,-0.157,0.245,0.036,0.195,0.974
1.207,-0.21,0.21,0.035,0.193,0.976
1.225,-0.157,0.192,0.036,0.193,0.976
1.19,-0.192,0.245,0.036,0.193,0.973
1.33,-0.21,0.228,0.036,0.195,0.975
1.26,-0.228,0.228,0.039,0.192,0.973
1.207,-0.192,0.21,0.036,0.193,0.976
1.155,-0.175,0.262,0.038,0.193,0.975
1.225,-0.157,0.175,0.036,0.193,0.974
1.19,-0.21,0.228,0.037,0.194,0.974
1.173,-0.175,0.192,0.036,0.193,0.976
1.102,-0.21,0.262,0.036,0.194,0.976
1.173,-0.175,0.175,0.036,0.192,0.975
1.242,-0.105,0.245,0.04,0.194,0.974
1.155,-0.052,0.28,0.038,0.194,0.976
1.242,-0.14,0.262,0.034,0.193,0.976
1.155,-0.175,0.228,0.037,0.193,0.975
1.242,-0.07,0.192,0.037,0.194,0.976
1.347,-0.175,0.298,0.037,0.193,0.976
1.242,-0.07,0.228,0.036,0.193,0.977
1.312,-0.14,0.192,0.035,0.194,0.976
1.312,-0.157,0.262,0.038,0.195,0.974
1.278,-0.192,0.245,0.036,0.194,0.977
1.155,-0.192,0.228,0.033,0.192,0.975
1.242,-0.28,0.245,0.036,0.195,0.974
1.26,-0.192,0.245,0.036,0.192,0.977
1.225,-0.175,0.228,0.037,0.194,0.976
1.207,-0.175,0.28,0.036,0.194,0.976
1.435,-0.175,0.192,0.034,0.194,0.976
1.19,-0.21,0.21,0.038,0.194,0.976
1.19,-0.28,0.175,0.037,0.194,0.976
1.33,-0.21,0.228,0.036,0.192,0.974
1.295,-0.21,0.28,0.035,0.195,0.976
1.26,-0.192,0.228,0.037,0.195,0.978
1.19,-0.245,0.245,0.035,0.194,0.976
1.173,-0.14,0.262,0.037,0.193,0.975
1.295,-0.123,0.245,0.038,0.192,0.977
1.295,-0.087,0.262,0.038,0.192,0.976
1.312,-0.192,0.21,0.037,0.193,0.976
1.278,-0.14,0.192,0.038,0.194,0.978
1.312,-0.192,0.192,0.037,0.194,0.975
1.26,-0.262,0.245,0.037,0.194,0.976
1.278,-0.245,0.245,0.038,0.194,0.975
1.12,-0.14,0.28,0.036,0.193,0.973
1.138,-0.14,0.228,0.037,0.194,0.975
1.312,-0.245,0.192,0.035,0.197,0.978
1.295,-0.14,0.228,0.038,0.196,0.973
1.19,-0.175,0.21,0.037,0.193,0.973
1.242,-0.245,0.262,0.034,0.194,0.975
1.207,-0.21,0.175,0.038,0.194,0.975
1.138,-0.105,0.228,0.036,0.194,0.974
1.155,-0.21,0.14,0.038,0.194,0.976
1.26,-0.192,0.298,0.036,0.193,0.976
1.207,-0.07,0.28,0.039,0.194,0.976
1.19,-0.175,0.28,0.036,0.195,0.976
1.225,-0.175,0.245,0.037,0.192,0.976
1.19,-0.21,0.228,0.036,0.195,0.973
1.19,-0.21,0.175,0.038,0.193,0.977
1.207,-0.105,0.245,0.035,0.192,0.975
1.085,-0.157,0.228,0.036,0.193,0.976
1.173,-0.192,0.228,0.038,0.194,0.974
1.33,-0.157,0.192,0.038,0.195,0.975
1.242,-0.175,0.21,0.036,0.193,0.972
1.173,-0.21,0.21,0.037,0.191,0.975
1.207,-0.157,0.262,0.035,0.194,0.975
1.225,-0.175,0.28,0.037,0.193,0.977
1.225,-0.105,0.228,0.034,0.192,0.976
1.278,-0.123,0.28,0.037,0.196,0.977
1.242,-0.175,0.28,0.037,0.194,0.976
1.33,-0.21,0.245,0.038,0.194,0.974
1.242,-0.157,0.192,0.037,0.194,0.976
1.242,-0.175,0.228,0.038,0.195,0.973
1.278,-0.21,0.245,0.038,0.194,0.976
1.225,-0.14,0.192,0.038,0.193,0.976
1.312,-0.192,0.298,0.036,0.194,0.974
1.19,-0.262,0.21,0.038,0.193,0.976
1.155,-0.315,0.262,0.037,0.194,0.976
1.207,-0.175,0.262,0.037,0.193,0.972
1.102,-0.228,0.192,0.035,0.193,0.976
1.26,-0.245,0.28,0.038,0.194,0.975
1.26,-0.157,0.262,0.037,0.193,0.975
1.242,-0.105,0.28,0.035,0.196,0.978
1.173,-0.157,0.228,0.034,0.191,0.978
1.295,-0.175,0.262,0.037,0.196,0.977
1.155,-0.21,0.262,0.034,0.194,0.976
1.225,-0.175,0.298,0.037,0.191,0.977
1.155,-0.228,0.245,0.035,0.196,0.977
1.242,-0.14,0.262,0.034,0.192,0.977
1.242,-0.14,0.228,0.038,0.194,0.977
1.295,-0.175,0.245,0.038,0.193,0.976
1.278,-0.175,0.192,0.036,0.195,0.977
1.278,-0.262,0.228,0.036,0.193,0.975
1.225,-0.175,0.298,0.034,0.197,0.976
1.278,-0.07,0.228,0.034,0.193,0.975
1.278,-0.192,0.262,0.038,0.192,0.975
1.207,-0.157,0.245,0.037,0.192,0.975
1.242,-0.123,0.262,0.038,0.192,0.976
1.173,-0.192,0.21,0.039,0.193,0.975
1.173,-0.157,0.298,0.036,0.194,0.975
1.173,-0.105,0.21,0.037,0.193,0.974
1.173,-0.228,0.245,0.038,0.195,0.976
1.138,-0.228,0.192,0.038,0.194,0.975
1.278,-0.157,0.192,0.038,0.195,0.975
1.312,-0.245,0.157,0.035,0.196,0.977
1.19,-0.175,0.21,0.034,0.194,0.976
1.173,-0.123,0.245,0.037,0.192,0.973
1.155,-0.21,0.228,0.039,0.194,0.974
1.225,-0.14,0.245,0.037,0.194,0.975
1.173,-0.21,0.28,0.035,0.193,0.975
1.225,-0.157,0.228,0.038,0.195,0.975
1.26,-0.157,0.192,0.038,0.194,0.975
1.173,-0.21,0.333,0.038,0.197,0.975
1.225,-0.175,0.262,0.036,0.193,0.976
1.26,-0.157,0.262,0.038,0.195,0.976
1.225,-0.28,0.21,0.038,0.194,0.975
1.155,-0.157,0.262,0.038,0.194,0.975
1.225,-0.228,0.192,0.035,0.192,0.976
1.19,-0.123,0.262,0.037,0.193,0.974
1.242,-0.14,0.315,0.038,0.194,0.973
1.26,-0.157,0.228,0.035,0.196,0.977
1.312,-0.245,0.245,0.037,0.194,0.977
1.173,-0.105,0.21,0.037,0.195,0.975
1.207,-0.21,0.21,0.036,0.193,0.975
1.26,-0.157,0.262,0.035,0.193,0.976
1.242,-0.14,0.228,0.036,0.191,0.975
1.102,-0.21,0.228,0.034,0.196,0.977
1.138,-0.087,0.245,0.036,0.194,0.976
1.242,-0.14,0.262,0.038,0.194,0.975
1.19,-0.21,0.28,0.037,0.195,0.974
1.173,-0.21,0.175,0.037,0.196,0.974
1.242,-0.157,0.228,0.036,0.193,0.974
1.225,-0.157,0.157,0.036,0.192,0.974
1.242,-0.192,0.192,0.035,0.196,0.974
1.242,-0.175,0.228,0.035,0.192,0.976
1.26,-0.157,0.192,0.037,0.194,0.977
1.225,-0.192,0.192,0.038,0.193,0.975
1.19,-0.157,0.228,0.035,0.194,0.975
1.155,-0.123,0.157,0.039,0.194,0.975
1.26,-0.105,0.175,0.035,0.194,0.977
1.278,-0.157,0.245,0.038,0.194,0.976
1.278,-0.14,0.192,0.035,0.193,0.975
1.242,-0.123,0.28,0.039,0.194,0.974
1.225,-0.123,0.245,0.037,0.195,0.975
1.295,-0.21,0.228,0.036,0.193,0.976
1.26,-0.245,0.192,0.037,0.194,0.976
1.207,-0.14,0.21,0.039,0.193,0.974
1.278,-0.21,0.245,0.037,0.194,0.974
1.278,-0.192,0.228,0.037,0.195,0.977
1.19,-0.157,0.192,0.038,0.193,0.975
1.173,-0.14,0.21,0.038,0.193,0.979
1.33,-0.123,0.228,0.035,0.192,0.977
1.347,-0.123,0.192,0.037,0.192,0.977
1.26,-0.14,0.192,0.035,0.193,0.975
1.242,-0.245,0.192,0.037,0.191,0.975
1.242,-0.175,0.262,0.035,0.193,0.974
1.295,-0.157,0.21,0.037,0.195,0.976
1.138,-0.28,0.245,0.038,0.193,0.974
1.138,-0.21,0.175,0.037,0.194,0.973
1.155,-0.262,0.245,0.035,0.194,0.977
1.207,-0.192,0.175,0.036,0.195,0.977
1.295,-0.105,0.245,0.035,0.195,0.975
1.295,-0.123,0.21,0.036,0.193,0.976
1.278,-0.157,0.245,0.034,0.193,0.974
1.207,-0.14,0.245,0.034,0.196,0.975
1.242,-0.228,0.245,0.037,0.194,0.976
1.155,-0.192,0.245,0.039,0.195,0.976
1.173,-0.245,0.228,0.035,0.193,0.975
1.138,-0.21,0.262,0.039,0.192,0.976
1.26,-0.192,0.175,0.036,0.194,0.976
1.155,-0.105,0.245,0.036,0.194,0.975
1.225,-0.192,0.228,0.035,0.192,0.974
1.242,-0.175,0.298,0.037,0.193,0.972
1.207,-0.21,0.228,0.037,0.192,0.975
1.207,-0.21,0.228,0.038,0.193,0.974
1.26,-0.228,0.245,0.039,0.194,0.975
1.207,-0.245,0.28,0.036,0.194,0.976
1.225,-0.21,0.228,0.038,0.192,0.977
1.278,-0.228,0.228,0.035,0.192,0.976
1.225,-0.192,0.21,0.037,0.194,0.975
1.347,-0.192,0.28,0.039,0.196,0.972
1.278,-0.14,0.21,0.036,0.194,0.977
1.295,-0.14,0.21,0.035,0.194,0.976
1.312,-0.228,0.228,0.033,0.192,0.975
1.155,-0.157,0.228,0.037,0.195,0.973
1.12,-0.157,0.28,0.035,0.194,0.976
1.155,-0.175,0.262,0.038,0.194,0.974
1.242,-0.192,0.21,0.038,0.191,0.976
1.155,-0.157,0.192,0.036,0.194,0.976
1.26,-0.192,0.298,0.036,0.192,0.976
1.225,-0.21,0.175,0.037,0.192,0.974
1.295,-0.192,0.157,0.037,0.194,0.975
1.19,-0.192,0.245,0.036,0.194,0.976
1.295,-0.175,0.245,0.039,0.195,0.977
1.278,-0.21,0.228,0.035,0.195,0.976
1.138,-0.192,0.262,0.038,0.191,0.976
1.173,-0.157,0.228,0.037,0.195,0.975
1.295,-0.175,0.21,0.039,0.195,0.973
1.312,-0.192,0.262,0.037,0.193,0.976
1.19,-0.123,0.21,0.035,0.194,0.974
1.19,-0.175,0.21,0.037,0.195,0.973
1.225,-0.175,0.245,0.037,0.194,0.973
1.19,-0.105,0.21,0.037,0.193,0.974
1.225,-0.123,0.228,0.037,0.194,0.975
1.365,-0.262,0.192,0.04,0.193,0.977
1.225,-0.192,0.21,0.037,0.197,0.976
1.295,-0.21,0.315,0.036,0.196,0.975
1.312,-0.175,0.192,0.036,0.194,0.975
1.312,-0.262,0.228,0.038,0.194,0.975
1.26,-0.245,0.262,0.034,0.193,0.976
1.19,-0.157,0.245,0.034,0.194,0.976
1.33,-0.228,0.28,0.035,0.195,0.973
1.155,-0.14,0.262,0.035,0.197,0.975
1.207,-0.123,0.245,0.034,0.191,0.976
1.242,-0.157,0.21,0.038,0.195,0.976
1.278,-0.192,0.228,0.037,0.193,0.977
1.19,-0.14,0.21,0.038,0.195,0.976
1.207,-0.245,0.21,0.037,0.192,0.975
1.173,-0.175,0.228,0.035,0.195,0.975
1.242,-0.262,0.192,0.037,0.192,0.974
1.242,-0.157,0.228,0.036,0.193,0.976
1.207,-0.14,0.298,0.039,0.193,0.974
1.347,-0.123,0.28,0.035,0.193,0.975
1.19,-0.123,0.28,0.039,0.193,0.976
1.242,-0.175,0.157,0.035,0.193,0.976
1.173,-0.228,0.298,0.037,0.195,0.974
1.138,-0.123,0.21,0.036,0.194,0.975
1.278,-0.21,0.245,0.035,0.196,0.976
1.173,-0.175,0.192,0.036,0.194,0.976
1.207,-0.105,0.262,0.038,0.193,0.977
1.278,-0.228,0.28,0.035,0.193,0.975
1.155,-0.123,0.262,0.037,0.193,0.976
1.102,-0.175,0.192,0.036,0.194,0.974
1.173,-0.21,0.28,0.037,0.193,0.976
1.19,-0.192,0.262,0.036,0.195,0.975
1.26,-0.262,0.262,0.037,0.195,0.978
1.26,-0.14,0.228,0.033,0.196,0.975
1.26,-0.192,0.333,0.035,0.197,0.975
1.295,-0.192,0.245,0.038,0.195,0.976
1.225,-0.14,0.21,0.037,0.192,0.975
1.295,-0.105,0.21,0.037,0.194,0.976
1.26,-0.157,0.245,0.038,0.196,0.976
1.067,-0.157,0.175,0.037,0.194,0.973
1.295,-0.21,0.262,0.036,0.194,0.976
1.312,-0.157,0.175,0.036,0.195,0.976
1.207,-0.175,0.21,0.036,0.194,0.978
1.225,-0.192,0.192,0.035,0.192,0.975
1.225,-0.175,0.21,0.035,0.195,0.977
1.19,-0.192,0.245,0.039,0.194,0.974
1.207,-0.123,0.228,0.036,0.194,0.973
1.242,-0.175,0.157,0.037,0.195,0.976
1.225,-0.192,0.228,0.036,0.195,0.975
1.207,-0.157,0.228,0.035,0.194,0.975
1.242,-0.262,0.298,0.034,0.193,0.973
1.26,-0.157,0.298,0.036,0.194,0.976
1.242,-0.14,0.228,0.037,0.193,0.976
1.26,-0.14,0.228,0.035,0.194,0.976
1.225,-0.123,0.157,0.035,0.194,0.976
1.19,-0.192,0.21,0.036,0.193,0.976
1.26,-0.105,0.262,0.037,0.191,0.977
1.242,-0.192,0.157,0.036,0.194,0.976
1.19,-0.105,0.192,0.034,0.191,0.976
1.225,-0.228,0.228,0.039,0.193,0.977
1.19,-0.157,0.192,0.038,0.193,0.975
1.295,-0.175,0.228,0.037,0.192,0.974
1.278,-0.175,0.228,0.037,0.194,0.974
1.138,-0.262,0.192,0.039,0.193,0.977
1.242,-0.105,0.21,0.036,0.192,0.976
1.19,-0.052,0.192,0.035,0.194,0.976
1.225,-0.192,0.262,0.04,0.193,0.977
1.173,-0.14,0.228,0.037,0.193,0.976
1.312,-0.192,0.228,0.037,0.192,0.973
1.225,-0.157,0.298,0.038,0.193,0.975
1.207,-0.175,0.228,0.036,0.192,0.975
1.225,-0.192,0.245,0.036,0.192,0.974
1.207,-0.21,0.228,0.037,0.191,0.976
1.138,-0.192,0.245,0.035,0.193,0.976
1.155,-0.07,0.262,0.038,0.195,0.975
1.26,-0.192,0.262,0.035,0.194,0.976
1.278,-0.157,0.262,0.034,0.196,0.975
1.225,-0.175,0.245,0.036,0.192,0.976
1.19,-0.123,0.21,0.035,0.195,0.974
1.207,-0.14,0.192,0.039,0.195,0.975
1.242,-0.21,0.21,0.036,0.194,0.976
1.138,-0.192,0.28,0.036,0.192,0.977
1.278,-0.298,0.157,0.037,0.193,0.975
1.312,-0.228,0.21,0.036,0.197,0.977
1.278,-0.157,0.21,0.038,0.197,0.975
1.19,-0.157,0.298,0.035,0.193,0.975
1.242,-0.245,0.262,0.038,0.195,0.974
1.278,-0.192,0.298,0.037,0.193,0.974
1.207,-0.175,0.262,0.038,0.193,0.976
1.225,-0.157,0.245,0.036,0.193,0.975
1.225,-0.228,0.315,0.034,0.193,0.973
1.295,-0.175,0.245,0.037,0.192,0.976
1.295,-0.245,0.262,0.036,0.193,0.975
1.207,-0.123,0.262,0.036,0.195,0.977
1.278,-0.228,0.245,0.036,0.195,0.975
1.207,-0.175,0.228,0.037,0.192,0.975
1.312,-0.14,0.192,0.037,0.196,0.976
1.26,-0.123,0.228,0.038,0.196,0.976
1.207,-0.21,0.245,0.035,0.193,0.975
1.242,-0.157,0.192,0.037,0.194,0.976
1.19,-0.192,0.228,0.037,0.196,0.976
1.242,-0.245,0.228,0.037,0.193,0.975
1.225,-0.192,0.228,0.038,0.194,0.976
1.225,-0.192,0.175,0.037,0.194,0.974
1.207,-0.14,0.262,0.035,0.191,0.978
1.242,-0.105,0.21,0.035,0.192,0.976
1.383,-0.175,0.262,0.037,0.194,0.976
1.19,-0.157,0.21,0.037,0.192,0.978
1.155,-0.087,0.228,0.038,0.193,0.975
1.225,-0.123,0.228,0.037,0.192,0.977
1.207,-0.14,0.262,0.037,0.193,0.976
1.207,-0.228,0.21,0.034,0.194,0.976
1.312,-0.123,0.298,0.036,0.193,0.976
1.347,-0.157,0.192,0.038,0.194,0.976
1.19,-0.157,0.28,0.037,0.192,0.974
1.225,-0.105,0.28,0.036,0.193,0.976
1.173,-0.157,0.21,0.034,0.194,0.977
1.207,-0.105,0.175,0.038,0.193,0.974
1.207,-0.175,0.175,0.036,0.192,0.976
1.225,-0.262,0.262,0.035,0.192,0.978
1.225,-0.245,0.21,0.038,0.192,0.976
1.19,-0.123,0.245,0.039,0.191,0.975
1.33,-0.175,0.14,0.035,0.192,0.977
1.26,-0.14,0.28,0.038,0.196,0.976
1.102,-0.175,0.245,0.039,0.195,0.975
1.19,-0.228,0.28,0.036,0.194,0.976
1.207,-0.192,0.175,0.036,0.193,0.976
1.26,-0.228,0.192,0.037,0.195,0.975
1.225,-0.228,0.245,0.039,0.195,0.974
1.225,-0.21,0.192,0.036,0.195,0.977
1.242,-0.175,0.192,0.035,0.192,0.975
1.278,-0.228,0.228,0.037,0.195,0.974
1.26,-0.262,0.228,0.037,0.193,0.975
1.278,-0.123,0.245,0.038,0.196,0.973
1.278,-0.105,0.175,0.036,0.193,0.978
1.242,-0.087,0.245,0.038,0.193,0.975
1.225,-0.14,0.228,0.037,0.196,0.976
1.33,-0.14,0.228,0.037,0.193,0.975
1.19,-0.175,0.21,0.034,0.194,0.975
1.312,-0.262,0.175,0.036,0.194,0.976
